id;Consent_000_RAW;Consent_001_RAW;ExperimentsIssues_000_RAW;ExperimentsIssues_001_RAW;ExperimentsIssues_003_RAW;ExperimentsIssues_002_RAW;ExperimentsIssues_005_RAW;ExperimentsIssues_004_RAW;Goodbye_001_RAW
hcynrw1w3as9nbm2vcj2;NA;NA;NA;NA;NA;NA;NA;NA;NA
negx101x8pyt3m1pey56;NA;NA;NA;NA;NA;NA;NA;NA;NA
nfkdpeke9upnr441gjol;NA;NA;NA;NA;NA;NA;NA;NA;NA
lp4xgkzfl08a9g4ln6cy;NA;NA;NA;NA;NA;NA;NA;NA;NA
hlp9o34g0xpdt7n2vc2z;NA;NA;NA;NA;NA;NA;NA;NA;NA
esphjqrvfssms15z58lf;NA;NA;NA;NA;NA;NA;NA;NA;NA
2pqked5vawp4soxrdwx9;NA;NA;;"{""""Q0"""":"""" Never""""}";"{""""Q0"""":"""" No, but my Research assistant is""""}";NA;NA;NA;um3zyv5lxwpt74dqpllp
a3mxta3zg3ddh67swze1;NA;NA;;"{""""Q0"""":"""" Never""""}";"{""""Q0"""":"""" No, but my Research assistant is""""}";NA;NA;NA;6pxggjgexvw1vy3bnsgn
9dgvdb8jnmkr1vddfgvf;NA;NA;NA;NA;NA;NA;NA;NA;NA
oh58scusso9f6rtph8bk;NA;NA;NA;NA;NA;NA;NA;NA;NA
hjfzle0c95r3owqk9wkb;NA;NA;NA;NA;NA;NA;NA;NA;NA
071jagnt41ukona9m914;NA;NA;NA;NA;NA;NA;NA;NA;NA
s2xakns96m77roevlsao;NA;NA;NA;NA;NA;NA;NA;NA;NA
dg1bytth91ycks23anmp;NA;NA;NA;NA;NA;NA;NA;NA;NA
6jbc0fa097qswtmh61gr;NA;NA;;"{""""Q0"""":"""" Sometimes""""}";NA;"{""""Q0"""":[""""&nbsp;My friends do not have errors in their protocols""""]}";NA;NA;xzbtblarnyn79rjef4mz
hgprnh8su6c7qt4jhng0;NA;NA;NA;NA;NA;NA;NA;NA;NA
ojnumx2saz28r671fgws;NA;NA;;"{""""Q0"""":"""" Never""""}";"{""""Q0"""":"""" No, but my Research assistant is""""}";NA;"{""""Q0"""":"""" Early Career Academic""""}";NA;tmw3wu68wyfhwljdhaqr
199;NA;NA;;"{""""Q0"""":"""" Never""""}";"{""""Q0"""":"""" No, but my Research assistant is""""}";NA;"{""""Q0"""":"""" Senior academic""""}";NA;qwsahxhv8mlrnw6qyqy2
197;NA;NA;;"{""""Q0"""":"""" Always""""}";NA;"{""""Q0"""":[""""&nbsp;My friends do not have errors in their protocols""""]}";"{""""Q0"""":"""" Postdoc or non-ternure track Academic""""}";NA;e1lu6ff0lft741k5srxc
198;NA;NA;;"{""""Q0"""":"""" Rarely""""}";NA;"{""""Q0"""":[""""&nbsp;Errors in participants balancing to conditions"""",""""&nbsp;Data not what we expected"""",""""&nbsp;Match between hypotheses and data not clear"""",""""&nbsp;Other""""]}";"{""""Q0"""":"""" Postdoc or non-ternure track Academic""""}";"{""""Q0"""":""""qC1jq7GW1yAsZBMA8r1ybbYVXQDIyQw9GS""""}";cnr2x2vem5p1faqr4zzl
200;NA;NA;;"{""""Q0"""":"""" Rarely""""}";NA;"{""""Q0"""":[""""&nbsp;Data not what we expected"""",""""&nbsp;Data preparation was harder than it could have been"""",""""&nbsp;Other""""]}";"{""""Q0"""":"""" Student (Master, PhD,...)""""}";"{""""Q0"""":""""0uxLQZ8O46hw3f37DqF5VFxjTQu7g1XVwhOEnlrljFkvd4v0TesL2NIucC7kvPxSBQ6eAk3XGQ0pVZ""""}";14ef3ok2y8lwy76tq3dq
195;NA;NA;;"{""""Q0"""":"""" Always""""}";NA;"{""""Q0"""":[""""&nbsp;Errors in participants balancing to conditions"""",""""&nbsp;Data preparation was harder than it could have been"""",""""&nbsp;Some variables or questions asked to participants but not used in the analysis/paper"""",""""&nbsp;Errors so bad that my friend had to start over"""",""""&nbsp;My friends do not have errors in their protocols""""]}";"{""""Q0"""":"""" Student (Master, PhD,...)""""}";NA;4hojljzgwwskoxzjymqx
194;NA;NA;;"{""""Q0"""":"""" Always""""}";NA;"{""""Q0"""":[""""&nbsp;Errors in the coding of items"""",""""&nbsp;Data not what we expected"""",""""&nbsp;Some variables or questions asked to participants but not used in the analysis/paper"""",""""&nbsp;Other""""]}";"{""""Q0"""":"""" Postdoc or non-ternure track Academic""""}";"{""""Q0"""":""""ruPSIbXtBmvxz0BuJxpjrnI9jpbqzObkxfXKq04Rfh""""}";j2hjq3wqvut8x2qm0hmr
196;NA;NA;;"{""""Q0"""":"""" Rarely""""}";NA;"{""""Q0"""":[""""&nbsp;Spelling errors"""",""""&nbsp;Important content errors"""",""""&nbsp;Errors so bad that my friend had to start over"""",""""&nbsp;Other""""]}";"{""""Q0"""":"""" Early Career Academic""""}";"{""""Q0"""":""""3iPXsR2d9P67ED1EGtKjaDtTT8qdtsL7xJw7UlaE65s93tI4PvQG7J5bI3cyT""""}";o2eszd27mdvj0s5coed8
192;NA;NA;;"{""""Q0"""":"""" Sometimes""""}";NA;"{""""Q0"""":[""""&nbsp;Spelling errors"""",""""&nbsp;Important content errors"""",""""&nbsp;Match between hypotheses and data not clear""""]}";"{""""Q0"""":"""" Senior academic""""}";NA;8qbs3e4p93f6k0hwebz0
193;NA;NA;;"{""""Q0"""":"""" Sometimes""""}";NA;"{""""Q0"""":[""""&nbsp;Spelling errors"""",""""&nbsp;Important content errors"""",""""&nbsp;Errors in the coding of items"""",""""&nbsp;Errors in participants balancing to conditions"""",""""&nbsp;Data preparation was harder than it could have been"""",""""&nbsp;Match between hypotheses and data not clear"""",""""&nbsp;Some variables or questions asked to participants but not used in the analysis/paper"""",""""&nbsp;My friends do not have errors in their protocols"""",""""&nbsp;Other""""]}";"{""""Q0"""":"""" Student (Master, PhD,...)""""}";"{""""Q0"""":""""9svmvoDAedoa2ZGCE9BO8qqjXszWFKwFAbqYoQlLSzoaxBBz6K63FyZ8341DO0""""}";ajnv9znb11ovhkan6wlm
191;NA;NA;;"{""""Q0"""":"""" Sometimes""""}";NA;"{""""Q0"""":[""""&nbsp;Errors in the coding of items"""",""""&nbsp;Data not what we expected"""",""""&nbsp;Match between hypotheses and data not clear"""",""""&nbsp;My friends do not have errors in their protocols""""]}";"{""""Q0"""":"""" Senior academic""""}";NA;1ewxs5ofnh6hed26jtx8
190;NA;NA;;"{""""Q0"""":"""" Sometimes""""}";NA;"{""""Q0"""":[""""&nbsp;Spelling errors"""",""""&nbsp;Important content errors"""",""""&nbsp;Errors in the coding of items"""",""""&nbsp;Errors in participants balancing to conditions"""",""""&nbsp;Data not what we expected"""",""""&nbsp;Data preparation was harder than it could have been"""",""""&nbsp;Match between hypotheses and data not clear"""",""""&nbsp;Some variables or questions asked to participants but not used in the analysis/paper"""",""""&nbsp;Errors so bad that my friend had to start over"""",""""&nbsp;My friends do not have errors in their protocols"""",""""&nbsp;Other""""]}";"{""""Q0"""":"""" Senior academic""""}";"{""""Q0"""":""""kA04tvNQYSqFDmj8cuYZh0Drytm50o5B9T5QUfhCtRGvul54DL9oURGAZRZ6bSswmRdyIv5""""}";hfbtgfpkrdc3aqqhvj9t
189;NA;NA;;"{""""Q0"""":"""" Always""""}";NA;"{""""Q0"""":[""""&nbsp;Spelling errors"""",""""&nbsp;Important content errors"""",""""&nbsp;Errors in the coding of items"""",""""&nbsp;Errors in participants balancing to conditions"""",""""&nbsp;Data not what we expected"""",""""&nbsp;Data preparation was harder than it could have been"""",""""&nbsp;Match between hypotheses and data not clear"""",""""&nbsp;Some variables or questions asked to participants but not used in the analysis/paper"""",""""&nbsp;Errors so bad that my friend had to start over"""",""""&nbsp;My friends do not have errors in their protocols"""",""""&nbsp;Other""""]}";"{""""Q0"""":"""" Senior academic""""}";"{""""Q0"""":""""yLG01moSBliQHJkwmGTxl1MzW5KriR4rnLIQ16Ur3Fikc0xTzOMjJ5OKqbyBgU""""}";btt5zoepaaaz890y4uwp
188;NA;NA;;"{""""Q0"""":"""" Often""""}";NA;"{""""Q0"""":[""""&nbsp;Errors so bad that my friend had to start over"""",""""&nbsp;Other""""]}";"{""""Q0"""":"""" Senior academic""""}";"{""""Q0"""":""""tRI5H2SCEHwA8uKwxCxEK5yNSg0XR1PhQBNdzt9BclakxvJGAGT92XcZWGLB8YtjqvQze2SmXC""""}";qhwx8zyv2yh39qy0jzev
187;NA;NA;;"{""""Q0"""":"""" Rarely""""}";NA;"{""""Q0"""":[""""&nbsp;Spelling errors"""",""""&nbsp;Important content errors"""",""""&nbsp;Errors in the coding of items"""",""""&nbsp;Errors in participants balancing to conditions"""",""""&nbsp;Data not what we expected"""",""""&nbsp;Data preparation was harder than it could have been"""",""""&nbsp;Some variables or questions asked to participants but not used in the analysis/paper"""",""""&nbsp;Errors so bad that my friend had to start over"""",""""&nbsp;Other""""]}";"{""""Q0"""":"""" Early Career Academic""""}";"{""""Q0"""":""""SR9a7GMzsZbOs9ZSmizDMU4aO11gLRS75""""}";yv462hjw1pnrhs8h2rvk
186;NA;NA;;"{""""Q0"""":"""" Sometimes""""}";NA;"{""""Q0"""":[""""&nbsp;Spelling errors"""",""""&nbsp;Important content errors"""",""""&nbsp;Errors in participants balancing to conditions"""",""""&nbsp;Some variables or questions asked to participants but not used in the analysis/paper"""",""""&nbsp;My friends do not have errors in their protocols""""]}";"{""""Q0"""":"""" Early Career Academic""""}";NA;s0qba2zevkxon10xzrzs
185;NA;NA;;"{""""Q0"""":"""" Always""""}";NA;"{""""Q0"""":[""""&nbsp;Spelling errors"""",""""&nbsp;Important content errors"""",""""&nbsp;Errors in the coding of items"""",""""&nbsp;Errors in participants balancing to conditions"""",""""&nbsp;Data not what we expected"""",""""&nbsp;Data preparation was harder than it could have been"""",""""&nbsp;Match between hypotheses and data not clear"""",""""&nbsp;Some variables or questions asked to participants but not used in the analysis/paper"""",""""&nbsp;Errors so bad that my friend had to start over"""",""""&nbsp;My friends do not have errors in their protocols"""",""""&nbsp;Other""""]}";"{""""Q0"""":"""" Postdoc or non-ternure track Academic""""}";"{""""Q0"""":""""b63FBHNQ1UG0Ps3D7S5dNHfqcCo2fokLmbfzP884qykTbrATXEjE4aqNhXprhm""""}";8gy7rfuv3hb4aah4zfb7
184;NA;NA;;"{""""Q0"""":"""" Never""""}";"{""""Q0"""":"""" No, but my Research assistant is""""}";NA;"{""""Q0"""":"""" Student (Master, PhD,...)""""}";NA;1wn60xs9tuty4fc8su0j
183;NA;NA;;"{""""Q0"""":"""" Often""""}";NA;"{""""Q0"""":[""""&nbsp;Important content errors"""",""""&nbsp;Errors in the coding of items"""",""""&nbsp;Errors in participants balancing to conditions"""",""""&nbsp;Some variables or questions asked to participants but not used in the analysis/paper"""",""""&nbsp;Errors so bad that my friend had to start over""""]}";"{""""Q0"""":"""" Early Career Academic""""}";NA;qe7rbwtrnm38ar6qglwl
182;NA;NA;;"{""""Q0"""":"""" Rarely""""}";NA;"{""""Q0"""":[""""&nbsp;Spelling errors"""",""""&nbsp;Errors in the coding of items"""",""""&nbsp;Errors in participants balancing to conditions"""",""""&nbsp;Data not what we expected"""",""""&nbsp;Data preparation was harder than it could have been"""",""""&nbsp;Match between hypotheses and data not clear"""",""""&nbsp;Some variables or questions asked to participants but not used in the analysis/paper"""",""""&nbsp;Other""""]}";"{""""Q0"""":"""" Student (Master, PhD,...)""""}";"{""""Q0"""":""""0qlAb0GZnM0CPATuVadmkk6buBMVBjl68YKv8SDn4lXBC1zFkvWIlhM""""}";ufqjx9qjhkh19x2zueqe
181;NA;NA;;"{""""Q0"""":"""" Often""""}";NA;"{""""Q0"""":[""""&nbsp;Spelling errors"""",""""&nbsp;Data not what we expected"""",""""&nbsp;Data preparation was harder than it could have been"""",""""&nbsp;Match between hypotheses and data not clear"""",""""&nbsp;Errors so bad that my friend had to start over"""",""""&nbsp;My friends do not have errors in their protocols""""]}";"{""""Q0"""":"""" Student (Master, PhD,...)""""}";NA;4a2l13723znfqoht84ro
180;NA;NA;;"{""""Q0"""":"""" Always""""}";NA;"{""""Q0"""":[""""&nbsp;Match between hypotheses and data not clear"""",""""&nbsp;Some variables or questions asked to participants but not used in the analysis/paper""""]}";"{""""Q0"""":"""" Senior academic""""}";NA;w81fpzwnxutzq976l1qu
179;NA;NA;;"{""""Q0"""":"""" Never""""}";"{""""Q0"""":"""" No, but my Research assistant is""""}";NA;"{""""Q0"""":"""" Postdoc or non-ternure track Academic""""}";NA;2yz0dxpmon3xgl2afd55
178;NA;NA;;"{""""Q0"""":"""" Never""""}";"{""""Q0"""":"""" No, but my Research assistant is""""}";NA;"{""""Q0"""":"""" Postdoc or non-ternure track Academic""""}";NA;1wwfkv0uln0r783e6tua
177;NA;NA;;"{""""Q0"""":"""" Never""""}";"{""""Q0"""":"""" Of course""""}";NA;"{""""Q0"""":"""" Postdoc or non-ternure track Academic""""}";NA;mxzvqu6crm3b01kwazgp
176;NA;NA;;"{""""Q0"""":"""" Sometimes""""}";NA;"{""""Q0"""":[""""&nbsp;Spelling errors"""",""""&nbsp;Important content errors"""",""""&nbsp;Match between hypotheses and data not clear"""",""""&nbsp;Some variables or questions asked to participants but not used in the analysis/paper"""",""""&nbsp;Other""""]}";"{""""Q0"""":"""" Senior academic""""}";"{""""Q0"""":""""qi5WESe9eNJZ8veS6CvJGiN1WGATKvYByUUaigAxg9Zep47tYV89AYf9ZlZmfDH5aM9SHOJa9d0okeRRmSzNzT""""}";03fcrxsltuxczck15osv
175;NA;NA;;"{""""Q0"""":"""" Sometimes""""}";NA;"{""""Q0"""":[""""&nbsp;Important content errors"""",""""&nbsp;Data not what we expected"""",""""&nbsp;Data preparation was harder than it could have been"""",""""&nbsp;Match between hypotheses and data not clear"""",""""&nbsp;Some variables or questions asked to participants but not used in the analysis/paper"""",""""&nbsp;My friends do not have errors in their protocols""""]}";"{""""Q0"""":"""" Student (Master, PhD,...)""""}";NA;pp2b9nvh072axyjgp1sj
174;NA;NA;;"{""""Q0"""":"""" Rarely""""}";NA;"{""""Q0"""":[""""&nbsp;Spelling errors"""",""""&nbsp;Important content errors"""",""""&nbsp;Errors in the coding of items"""",""""&nbsp;Errors in participants balancing to conditions"""",""""&nbsp;Data not what we expected"""",""""&nbsp;Data preparation was harder than it could have been"""",""""&nbsp;Match between hypotheses and data not clear"""",""""&nbsp;Some variables or questions asked to participants but not used in the analysis/paper"""",""""&nbsp;Errors so bad that my friend had to start over"""",""""&nbsp;My friends do not have errors in their protocols"""",""""&nbsp;Other""""]}";"{""""Q0"""":"""" Postdoc or non-ternure track Academic""""}";"{""""Q0"""":""""gQzs""""}";9um6o99349nf3z991yoa
173;NA;NA;;"{""""Q0"""":"""" Sometimes""""}";NA;"{""""Q0"""":[""""&nbsp;Important content errors"""",""""&nbsp;Data preparation was harder than it could have been""""]}";"{""""Q0"""":"""" Postdoc or non-ternure track Academic""""}";NA;rrjlcf0t86lft4lp00fc
172;NA;NA;;"{""""Q0"""":"""" Rarely""""}";NA;"{""""Q0"""":[""""&nbsp;Important content errors"""",""""&nbsp;Errors in participants balancing to conditions"""",""""&nbsp;Some variables or questions asked to participants but not used in the analysis/paper"""",""""&nbsp;Errors so bad that my friend had to start over""""]}";"{""""Q0"""":"""" Senior academic""""}";NA;o9hs6cp4zs6nqa0rud98
171;NA;NA;;"{""""Q0"""":"""" Never""""}";"{""""Q0"""":"""" Of course""""}";NA;"{""""Q0"""":"""" Early Career Academic""""}";NA;kqnxjb0wkb0r9loag986
170;NA;NA;;"{""""Q0"""":"""" Sometimes""""}";NA;"{""""Q0"""":[""""&nbsp;Spelling errors"""",""""&nbsp;Important content errors"""",""""&nbsp;Errors in the coding of items"""",""""&nbsp;Data not what we expected"""",""""&nbsp;Data preparation was harder than it could have been"""",""""&nbsp;Match between hypotheses and data not clear"""",""""&nbsp;Some variables or questions asked to participants but not used in the analysis/paper"""",""""&nbsp;Errors so bad that my friend had to start over"""",""""&nbsp;My friends do not have errors in their protocols"""",""""&nbsp;Other""""]}";"{""""Q0"""":"""" Senior academic""""}";"{""""Q0"""":""""YFgFKb8mMMLUXFPQZ1aeCwOPXIvxyXJhSfyXIaJG0ygy7TfOAgw""""}";mvxonk9vff9crzybycpv
169;NA;NA;;"{""""Q0"""":"""" Rarely""""}";NA;"{""""Q0"""":[""""&nbsp;Important content errors"""",""""&nbsp;My friends do not have errors in their protocols"""",""""&nbsp;Other""""]}";"{""""Q0"""":"""" Early Career Academic""""}";"{""""Q0"""":""""4rQU0cJz8YaLXw1F1MdpXvFYytlJGTS5AG6qHhSSadicjNGdi9i4j9e0Fw1R33NJ6UGHD0RT3BAC1GQ""""}";gv5xbgleuu5qoghb4tnv
168;NA;NA;;"{""""Q0"""":"""" Sometimes""""}";NA;"{""""Q0"""":[""""&nbsp;Data not what we expected"""",""""&nbsp;Some variables or questions asked to participants but not used in the analysis/paper"""",""""&nbsp;My friends do not have errors in their protocols""""]}";"{""""Q0"""":"""" Senior academic""""}";NA;gnn6nytbvbjnt9ok3qbs
167;NA;NA;;"{""""Q0"""":"""" Sometimes""""}";NA;"{""""Q0"""":[""""&nbsp;Errors in participants balancing to conditions"""",""""&nbsp;Match between hypotheses and data not clear"""",""""&nbsp;Errors so bad that my friend had to start over"""",""""&nbsp;My friends do not have errors in their protocols""""]}";"{""""Q0"""":"""" Early Career Academic""""}";NA;wvmlzadqhx299kl0qobt
166;NA;NA;;"{""""Q0"""":"""" Always""""}";NA;"{""""Q0"""":[""""&nbsp;Spelling errors"""",""""&nbsp;Some variables or questions asked to participants but not used in the analysis/paper"""",""""&nbsp;My friends do not have errors in their protocols""""]}";"{""""Q0"""":"""" Early Career Academic""""}";NA;xtwk6yeyf195r0u9p6ul
165;NA;NA;;"{""""Q0"""":"""" Often""""}";NA;"{""""Q0"""":[""""&nbsp;Errors in participants balancing to conditions"""",""""&nbsp;Data not what we expected"""",""""&nbsp;Other""""]}";"{""""Q0"""":"""" Early Career Academic""""}";"{""""Q0"""":""""kHUyRo6toXw3KVlB2CW4kJ26iEZNdAMvVVk7aD7jXCnGmM3Eqgj""""}";xv2ma2yg7he7yeye6xmd
164;NA;NA;;"{""""Q0"""":"""" Often""""}";NA;"{""""Q0"""":[""""&nbsp;Spelling errors"""",""""&nbsp;Errors in participants balancing to conditions"""",""""&nbsp;Data not what we expected"""",""""&nbsp;Data preparation was harder than it could have been"""",""""&nbsp;Match between hypotheses and data not clear"""",""""&nbsp;Some variables or questions asked to participants but not used in the analysis/paper"""",""""&nbsp;Errors so bad that my friend had to start over"""",""""&nbsp;Other""""]}";"{""""Q0"""":"""" Early Career Academic""""}";"{""""Q0"""":""""NFp5L4uYFfA5KaX5g1ifMT5bB5Zt8owE1WYIwZsrpWKMaGOgLXhdu7aQanxkt3a1KcrY0cSwxTGnmYVVTZjGY9pc6Ey2EoNxIC""""}";7uxrk4kff25nzr8tfdy7
163;NA;NA;;"{""""Q0"""":"""" Rarely""""}";NA;"{""""Q0"""":[""""&nbsp;Spelling errors"""",""""&nbsp;Important content errors"""",""""&nbsp;Errors in the coding of items"""",""""&nbsp;Errors in participants balancing to conditions"""",""""&nbsp;Data not what we expected"""",""""&nbsp;Data preparation was harder than it could have been"""",""""&nbsp;Match between hypotheses and data not clear"""",""""&nbsp;Some variables or questions asked to participants but not used in the analysis/paper"""",""""&nbsp;Errors so bad that my friend had to start over"""",""""&nbsp;My friends do not have errors in their protocols""""]}";"{""""Q0"""":"""" Early Career Academic""""}";NA;9156mbyx35tqx3hrrbgp
162;NA;NA;;"{""""Q0"""":"""" Always""""}";NA;"{""""Q0"""":[""""&nbsp;Important content errors"""",""""&nbsp;Errors in the coding of items"""",""""&nbsp;Data not what we expected"""",""""&nbsp;Data preparation was harder than it could have been"""",""""&nbsp;Some variables or questions asked to participants but not used in the analysis/paper"""",""""&nbsp;Errors so bad that my friend had to start over"""",""""&nbsp;Other""""]}";"{""""Q0"""":"""" Early Career Academic""""}";"{""""Q0"""":""""cclRUul88r8myCkLqpHRkeSMDiha3cDFm7aKT4r0rC0B0ElXVun3MN5ycxdK99Q0JjYTaxV""""}";t9lmcnehhfl8lp8axorp
161;NA;NA;;"{""""Q0"""":"""" Never""""}";"{""""Q0"""":"""" Of course""""}";NA;"{""""Q0"""":"""" Senior academic""""}";NA;9wscefb5o1c9x02tcnus
159;NA;NA;;"{""""Q0"""":"""" Never""""}";"{""""Q0"""":"""" Of course""""}";NA;"{""""Q0"""":"""" Early Career Academic""""}";NA;pf7h4o6thgn7qd27s2uw
160;NA;NA;;"{""""Q0"""":"""" Sometimes""""}";NA;"{""""Q0"""":[""""&nbsp;Spelling errors"""",""""&nbsp;Errors in the coding of items"""",""""&nbsp;Errors in participants balancing to conditions"""",""""&nbsp;Data not what we expected"""",""""&nbsp;Match between hypotheses and data not clear"""",""""&nbsp;Errors so bad that my friend had to start over""""]}";"{""""Q0"""":"""" Early Career Academic""""}";NA;o4o8fgwc4o73b9kc2o27
158;NA;NA;;"{""""Q0"""":"""" Never""""}";"{""""Q0"""":"""" No, but my Research assistant is""""}";NA;"{""""Q0"""":"""" Postdoc or non-ternure track Academic""""}";NA;jkk1l3zbpkgxa7v8mf6z
157;NA;NA;;"{""""Q0"""":"""" Rarely""""}";NA;"{""""Q0"""":[""""&nbsp;Important content errors"""",""""&nbsp;Errors in the coding of items"""",""""&nbsp;Data not what we expected"""",""""&nbsp;Errors so bad that my friend had to start over"""",""""&nbsp;My friends do not have errors in their protocols"""",""""&nbsp;Other""""]}";"{""""Q0"""":"""" Early Career Academic""""}";"{""""Q0"""":""""huCA5pUuncWurJgwkoapjJs76sB7bVKLhIyWn6WydGqCb4sCHdjNbctg94LSzc""""}";wou0v7hgsuo7n2vwzbq0
156;NA;NA;;"{""""Q0"""":"""" Always""""}";NA;"{""""Q0"""":[""""&nbsp;Spelling errors"""",""""&nbsp;Important content errors"""",""""&nbsp;Data not what we expected"""",""""&nbsp;Errors so bad that my friend had to start over"""",""""&nbsp;Other""""]}";"{""""Q0"""":"""" Postdoc or non-ternure track Academic""""}";"{""""Q0"""":""""m266tzUMUD0Mt""""}";dqferhpfd0p8zja92g59
155;NA;NA;;"{""""Q0"""":"""" Often""""}";NA;"{""""Q0"""":[""""&nbsp;Spelling errors"""",""""&nbsp;Important content errors"""",""""&nbsp;Errors in the coding of items"""",""""&nbsp;Errors in participants balancing to conditions"""",""""&nbsp;Data not what we expected"""",""""&nbsp;Data preparation was harder than it could have been"""",""""&nbsp;Errors so bad that my friend had to start over"""",""""&nbsp;My friends do not have errors in their protocols"""",""""&nbsp;Other""""]}";"{""""Q0"""":"""" Early Career Academic""""}";"{""""Q0"""":""""q3RL9CcjnzlGprSfl0Mi3Vv""""}";t4y4zztlm5yuxqgh8mf3
154;NA;NA;;"{""""Q0"""":"""" Rarely""""}";NA;"{""""Q0"""":[""""&nbsp;Errors in the coding of items""""]}";"{""""Q0"""":"""" Student (Master, PhD,...)""""}";NA;fz8kawypwgrtq72thubm
153;NA;NA;;"{""""Q0"""":"""" Always""""}";NA;"{""""Q0"""":[""""&nbsp;Match between hypotheses and data not clear"""",""""&nbsp;Other""""]}";"{""""Q0"""":"""" Senior academic""""}";"{""""Q0"""":""""JqYC0jJ8GLeu2nPwMcadLsAv9KDbYmmP6fROCVofgEbbZ7bss7WkwUCJCEPL7WDEI51thGNUsxa3""""}";z39uo151cwk1pv4zrg5b
152;NA;NA;;"{""""Q0"""":"""" Often""""}";NA;"{""""Q0"""":[""""&nbsp;Spelling errors"""",""""&nbsp;Important content errors"""",""""&nbsp;Errors in the coding of items"""",""""&nbsp;Errors in participants balancing to conditions"""",""""&nbsp;Data preparation was harder than it could have been"""",""""&nbsp;Match between hypotheses and data not clear"""",""""&nbsp;Some variables or questions asked to participants but not used in the analysis/paper"""",""""&nbsp;Errors so bad that my friend had to start over"""",""""&nbsp;Other""""]}";"{""""Q0"""":"""" Student (Master, PhD,...)""""}";"{""""Q0"""":""""WMoL3uYPr9uqxrmyOuUEu""""}";oqloyuy0sgucj9zq8qd1
151;NA;NA;;"{""""Q0"""":"""" Rarely""""}";NA;"{""""Q0"""":[""""&nbsp;Spelling errors"""",""""&nbsp;Important content errors"""",""""&nbsp;Errors in the coding of items"""",""""&nbsp;Errors in participants balancing to conditions"""",""""&nbsp;Data not what we expected"""",""""&nbsp;Data preparation was harder than it could have been"""",""""&nbsp;Match between hypotheses and data not clear"""",""""&nbsp;Errors so bad that my friend had to start over"""",""""&nbsp;My friends do not have errors in their protocols""""]}";"{""""Q0"""":"""" Postdoc or non-ternure track Academic""""}";NA;qc1j7enqy6z1mbprbqb7
150;NA;NA;;"{""""Q0"""":"""" Sometimes""""}";NA;"{""""Q0"""":[""""&nbsp;Spelling errors"""",""""&nbsp;Important content errors"""",""""&nbsp;Errors in the coding of items"""",""""&nbsp;Errors in participants balancing to conditions"""",""""&nbsp;Data preparation was harder than it could have been"""",""""&nbsp;Match between hypotheses and data not clear"""",""""&nbsp;Some variables or questions asked to participants but not used in the analysis/paper"""",""""&nbsp;Errors so bad that my friend had to start over"""",""""&nbsp;My friends do not have errors in their protocols"""",""""&nbsp;Other""""]}";"{""""Q0"""":"""" Postdoc or non-ternure track Academic""""}";"{""""Q0"""":""""pRiXFHmfekFnwTOLBDwADOX0q6NTKccMhmfQEiPFFsjHvpqpTj4Yk3CKAmZRBAwuqjUaR7ATsVxl0dD3IaYUchCaAu91o49""""}";ewb079ct4nya2msj5cqs
149;NA;NA;;"{""""Q0"""":"""" Rarely""""}";NA;"{""""Q0"""":[""""&nbsp;Important content errors"""",""""&nbsp;Errors in participants balancing to conditions"""",""""&nbsp;Data preparation was harder than it could have been"""",""""&nbsp;Match between hypotheses and data not clear""""]}";"{""""Q0"""":"""" Student (Master, PhD,...)""""}";NA;smxsnl7qbtypalgagcj5
148;NA;NA;;"{""""Q0"""":"""" Always""""}";NA;"{""""Q0"""":[""""&nbsp;Errors in the coding of items"""",""""&nbsp;Match between hypotheses and data not clear""""]}";"{""""Q0"""":"""" Postdoc or non-ternure track Academic""""}";NA;lwqzbhnk4bhddojcvrdz
146;NA;NA;;"{""""Q0"""":"""" Often""""}";NA;"{""""Q0"""":[""""&nbsp;Errors in the coding of items""""]}";"{""""Q0"""":"""" Early Career Academic""""}";NA;lcnudsxd1v1fdyjm7el1
147;NA;NA;;"{""""Q0"""":"""" Always""""}";NA;"{""""Q0"""":[""""&nbsp;Errors in the coding of items"""",""""&nbsp;Match between hypotheses and data not clear"""",""""&nbsp;Errors so bad that my friend had to start over"""",""""&nbsp;My friends do not have errors in their protocols"""",""""&nbsp;Other""""]}";"{""""Q0"""":"""" Student (Master, PhD,...)""""}";"{""""Q0"""":""""vizfp43KBX8HdRwEMVi""""}";hbsch2cfj8lk75661tw8
145;NA;NA;;"{""""Q0"""":"""" Always""""}";NA;"{""""Q0"""":[""""&nbsp;Errors in the coding of items"""",""""&nbsp;Data not what we expected"""",""""&nbsp;Match between hypotheses and data not clear""""]}";"{""""Q0"""":"""" Senior academic""""}";NA;6b02al4h3dkghf36kwhm
144;NA;NA;;"{""""Q0"""":"""" Sometimes""""}";NA;"{""""Q0"""":[""""&nbsp;Spelling errors"""",""""&nbsp;Data not what we expected"""",""""&nbsp;Match between hypotheses and data not clear"""",""""&nbsp;Some variables or questions asked to participants but not used in the analysis/paper"""",""""&nbsp;My friends do not have errors in their protocols"""",""""&nbsp;Other""""]}";"{""""Q0"""":"""" Early Career Academic""""}";"{""""Q0"""":""""QdXcGgvbnD2rPSxIrkB2aSkWkNmlBQxDjj4B7CuUGP5Too5lNbLFVYuzxHtbzAIy""""}";qcuugva4nbbo1emv0swr
143;NA;NA;;"{""""Q0"""":"""" Sometimes""""}";NA;"{""""Q0"""":[""""&nbsp;Errors in the coding of items"""",""""&nbsp;Data preparation was harder than it could have been"""",""""&nbsp;Errors so bad that my friend had to start over"""",""""&nbsp;My friends do not have errors in their protocols""""]}";"{""""Q0"""":"""" Student (Master, PhD,...)""""}";NA;rcl8jpc56phk7l6s93bf
142;NA;NA;;"{""""Q0"""":"""" Always""""}";NA;"{""""Q0"""":[""""&nbsp;Some variables or questions asked to participants but not used in the analysis/paper"""",""""&nbsp;Errors so bad that my friend had to start over"""",""""&nbsp;My friends do not have errors in their protocols""""]}";"{""""Q0"""":"""" Postdoc or non-ternure track Academic""""}";NA;ojozwaqqnag1zlyqnoq8
141;NA;NA;;"{""""Q0"""":"""" Rarely""""}";NA;"{""""Q0"""":[""""&nbsp;Important content errors"""",""""&nbsp;Match between hypotheses and data not clear"""",""""&nbsp;Errors so bad that my friend had to start over"""",""""&nbsp;My friends do not have errors in their protocols""""]}";"{""""Q0"""":"""" Senior academic""""}";NA;3hpxwyl1bjsaacd53s0p
140;NA;NA;;"{""""Q0"""":"""" Sometimes""""}";NA;"{""""Q0"""":[""""&nbsp;Spelling errors"""",""""&nbsp;Important content errors"""",""""&nbsp;Errors in the coding of items"""",""""&nbsp;Errors in participants balancing to conditions"""",""""&nbsp;Data not what we expected"""",""""&nbsp;Data preparation was harder than it could have been"""",""""&nbsp;Match between hypotheses and data not clear"""",""""&nbsp;Some variables or questions asked to participants but not used in the analysis/paper"""",""""&nbsp;Errors so bad that my friend had to start over""""]}";"{""""Q0"""":"""" Early Career Academic""""}";NA;arul8lj8t2u88c7lvw2x
139;NA;NA;;"{""""Q0"""":"""" Often""""}";NA;"{""""Q0"""":[""""&nbsp;Spelling errors"""",""""&nbsp;Important content errors"""",""""&nbsp;Errors in the coding of items"""",""""&nbsp;Errors in participants balancing to conditions"""",""""&nbsp;Data not what we expected"""",""""&nbsp;Data preparation was harder than it could have been"""",""""&nbsp;Match between hypotheses and data not clear"""",""""&nbsp;Some variables or questions asked to participants but not used in the analysis/paper"""",""""&nbsp;Errors so bad that my friend had to start over"""",""""&nbsp;My friends do not have errors in their protocols"""",""""&nbsp;Other""""]}";"{""""Q0"""":"""" Senior academic""""}";"{""""Q0"""":""""c51y7N1thRgULjuTmzKh1yyrCcK3ZBUE3eTszTS0XQ6PvAErlBQ""""}";qvfbun2zoh8y8eev990l
138;NA;NA;;"{""""Q0"""":"""" Rarely""""}";NA;"{""""Q0"""":[""""&nbsp;Important content errors"""",""""&nbsp;Errors in participants balancing to conditions"""",""""&nbsp;Data not what we expected"""",""""&nbsp;Data preparation was harder than it could have been"""",""""&nbsp;Match between hypotheses and data not clear"""",""""&nbsp;Some variables or questions asked to participants but not used in the analysis/paper"""",""""&nbsp;My friends do not have errors in their protocols"""",""""&nbsp;Other""""]}";"{""""Q0"""":"""" Early Career Academic""""}";"{""""Q0"""":""""BYnIdwGQzu4l7j5koUcYvMSirEhZVtq""""}";8wzu21qwrmtr7nedwz4e
137;NA;NA;;"{""""Q0"""":"""" Always""""}";NA;"{""""Q0"""":[""""&nbsp;Spelling errors"""",""""&nbsp;Important content errors"""",""""&nbsp;Errors in the coding of items"""",""""&nbsp;Errors in participants balancing to conditions"""",""""&nbsp;Data preparation was harder than it could have been"""",""""&nbsp;Match between hypotheses and data not clear"""",""""&nbsp;Errors so bad that my friend had to start over"""",""""&nbsp;My friends do not have errors in their protocols""""]}";"{""""Q0"""":"""" Early Career Academic""""}";NA;3eys8cc8od9bcrkbh8fz
136;NA;NA;;"{""""Q0"""":"""" Often""""}";NA;"{""""Q0"""":[""""&nbsp;Data not what we expected"""",""""&nbsp;Some variables or questions asked to participants but not used in the analysis/paper"""",""""&nbsp;Errors so bad that my friend had to start over"""",""""&nbsp;Other""""]}";"{""""Q0"""":"""" Senior academic""""}";"{""""Q0"""":""""bTMS7jgZAxWaTS""""}";ndofocle5s4r34kvx923
135;NA;NA;;"{""""Q0"""":"""" Often""""}";NA;"{""""Q0"""":[""""&nbsp;Spelling errors"""",""""&nbsp;Important content errors"""",""""&nbsp;Errors in the coding of items"""",""""&nbsp;Errors in participants balancing to conditions"""",""""&nbsp;Data not what we expected"""",""""&nbsp;Data preparation was harder than it could have been"""",""""&nbsp;Match between hypotheses and data not clear"""",""""&nbsp;Some variables or questions asked to participants but not used in the analysis/paper"""",""""&nbsp;Errors so bad that my friend had to start over"""",""""&nbsp;My friends do not have errors in their protocols""""]}";"{""""Q0"""":"""" Postdoc or non-ternure track Academic""""}";NA;edtdudqawhr55mo92n61
134;NA;NA;;"{""""Q0"""":"""" Always""""}";NA;"{""""Q0"""":[""""&nbsp;Errors in participants balancing to conditions"""",""""&nbsp;Some variables or questions asked to participants but not used in the analysis/paper""""]}";"{""""Q0"""":"""" Early Career Academic""""}";NA;p7tmupoxn5rzk6ebmx83
133;NA;NA;;"{""""Q0"""":"""" Always""""}";NA;"{""""Q0"""":[""""&nbsp;Errors in the coding of items"""",""""&nbsp;Some variables or questions asked to participants but not used in the analysis/paper""""]}";"{""""Q0"""":"""" Postdoc or non-ternure track Academic""""}";NA;bnncjla150gy6sagz2qr
132;NA;NA;;"{""""Q0"""":"""" Sometimes""""}";NA;"{""""Q0"""":[""""&nbsp;Spelling errors"""",""""&nbsp;Important content errors"""",""""&nbsp;Data preparation was harder than it could have been"""",""""&nbsp;Match between hypotheses and data not clear"""",""""&nbsp;Errors so bad that my friend had to start over"""",""""&nbsp;Other""""]}";"{""""Q0"""":"""" Early Career Academic""""}";"{""""Q0"""":""""bs3plLZV2YBqCcm1Pep3ctuZxPr9fDOr7rBxg7uU6suVyncSF""""}";twajthoo5ezr9zt6surt
131;NA;NA;;"{""""Q0"""":"""" Rarely""""}";NA;"{""""Q0"""":[""""&nbsp;Important content errors"""",""""&nbsp;Some variables or questions asked to participants but not used in the analysis/paper"""",""""&nbsp;Errors so bad that my friend had to start over"""",""""&nbsp;Other""""]}";"{""""Q0"""":"""" Postdoc or non-ternure track Academic""""}";"{""""Q0"""":""""INsB2GK4N65x0aDVC2EnqLb4pgFG3jGxvAeADiMaq2ShEwZiWnxwYsU9UxmBC5WZ7""""}";avn15p8zt3xhzd5c2eq5
130;NA;NA;;"{""""Q0"""":"""" Never""""}";"{""""Q0"""":"""" No, but my Research assistant is""""}";NA;"{""""Q0"""":"""" Postdoc or non-ternure track Academic""""}";NA;wdwonfxs3387005qkgns
129;NA;NA;;"{""""Q0"""":"""" Often""""}";NA;"{""""Q0"""":[""""&nbsp;Errors in the coding of items"""",""""&nbsp;Errors in participants balancing to conditions"""",""""&nbsp;Data preparation was harder than it could have been"""",""""&nbsp;Match between hypotheses and data not clear"""",""""&nbsp;Some variables or questions asked to participants but not used in the analysis/paper"""",""""&nbsp;My friends do not have errors in their protocols""""]}";"{""""Q0"""":"""" Student (Master, PhD,...)""""}";NA;5tpnw4nbv2hs9y5yyev1
127;NA;NA;;"{""""Q0"""":"""" Rarely""""}";NA;"{""""Q0"""":[""""&nbsp;Errors so bad that my friend had to start over""""]}";"{""""Q0"""":"""" Postdoc or non-ternure track Academic""""}";NA;crr0z8ha8qpnq1hetfmj
128;NA;NA;;"{""""Q0"""":"""" Sometimes""""}";NA;"{""""Q0"""":[""""&nbsp;Spelling errors"""",""""&nbsp;Important content errors"""",""""&nbsp;Errors in the coding of items"""",""""&nbsp;Data preparation was harder than it could have been"""",""""&nbsp;Other""""]}";"{""""Q0"""":"""" Postdoc or non-ternure track Academic""""}";"{""""Q0"""":""""qENNLOrYvnQgxZEEJU""""}";n18nop9x9cu68wx9le9t
126;NA;NA;;"{""""Q0"""":"""" Always""""}";NA;"{""""Q0"""":[""""&nbsp;Spelling errors"""",""""&nbsp;Important content errors"""",""""&nbsp;Errors in participants balancing to conditions"""",""""&nbsp;Data not what we expected"""",""""&nbsp;Data preparation was harder than it could have been"""",""""&nbsp;Some variables or questions asked to participants but not used in the analysis/paper"""",""""&nbsp;My friends do not have errors in their protocols"""",""""&nbsp;Other""""]}";"{""""Q0"""":"""" Postdoc or non-ternure track Academic""""}";"{""""Q0"""":""""NurzzFwckhMy8Mr5c7Fe4friKoOw7B""""}";q2en004cvab6xob38m3k
125;NA;NA;;"{""""Q0"""":"""" Always""""}";NA;"{""""Q0"""":[""""&nbsp;Spelling errors"""",""""&nbsp;Errors in participants balancing to conditions"""",""""&nbsp;Data not what we expected"""",""""&nbsp;Data preparation was harder than it could have been"""",""""&nbsp;Match between hypotheses and data not clear"""",""""&nbsp;Other""""]}";"{""""Q0"""":"""" Postdoc or non-ternure track Academic""""}";"{""""Q0"""":""""yHKwHDSIQfr1apqJV""""}";rrxwbud8vbossa2geeof
124;NA;NA;;"{""""Q0"""":"""" Rarely""""}";NA;"{""""Q0"""":[""""&nbsp;Spelling errors"""",""""&nbsp;Important content errors"""",""""&nbsp;Errors in the coding of items"""",""""&nbsp;Errors in participants balancing to conditions"""",""""&nbsp;Data not what we expected"""",""""&nbsp;Data preparation was harder than it could have been"""",""""&nbsp;Match between hypotheses and data not clear"""",""""&nbsp;Some variables or questions asked to participants but not used in the analysis/paper"""",""""&nbsp;Errors so bad that my friend had to start over"""",""""&nbsp;My friends do not have errors in their protocols"""",""""&nbsp;Other""""]}";"{""""Q0"""":"""" Student (Master, PhD,...)""""}";"{""""Q0"""":""""LkUg0PlkTwdj7sj6vHIR2vMBO86EO4vkuhjIIJBcbv8TWq2i8I1HKFaH4ljrgVJjLkV5GMuzp9LW0B6mH3ZHc63KpN68w""""}";m5lp2j0lw68nsr92ba0j
123;NA;NA;;"{""""Q0"""":"""" Often""""}";NA;"{""""Q0"""":[""""&nbsp;Spelling errors"""",""""&nbsp;Errors in participants balancing to conditions"""",""""&nbsp;Data preparation was harder than it could have been"""",""""&nbsp;Some variables or questions asked to participants but not used in the analysis/paper"""",""""&nbsp;Errors so bad that my friend had to start over"""",""""&nbsp;Other""""]}";"{""""Q0"""":"""" Early Career Academic""""}";"{""""Q0"""":""""rvhdyqrxu4hUe8samG6K9raSf3G8f9M5lj9oz6d96LItiq9XtCAoL""""}";ueu7uvcuuz7qw6pm06ov
122;NA;NA;;"{""""Q0"""":"""" Always""""}";NA;"{""""Q0"""":[""""&nbsp;Some variables or questions asked to participants but not used in the analysis/paper""""]}";"{""""Q0"""":"""" Early Career Academic""""}";NA;vd8yasvqu6uvowevpecf
121;NA;NA;;"{""""Q0"""":"""" Rarely""""}";NA;"{""""Q0"""":[""""&nbsp;Spelling errors"""",""""&nbsp;Important content errors""""]}";"{""""Q0"""":"""" Postdoc or non-ternure track Academic""""}";NA;hgldkqb902sd265op9xf
120;NA;NA;;"{""""Q0"""":"""" Sometimes""""}";NA;"{""""Q0"""":[""""&nbsp;Spelling errors"""",""""&nbsp;Important content errors"""",""""&nbsp;Errors in the coding of items"""",""""&nbsp;Errors in participants balancing to conditions"""",""""&nbsp;Data not what we expected"""",""""&nbsp;Data preparation was harder than it could have been"""",""""&nbsp;Match between hypotheses and data not clear"""",""""&nbsp;My friends do not have errors in their protocols"""",""""&nbsp;Other""""]}";"{""""Q0"""":"""" Early Career Academic""""}";"{""""Q0"""":""""YorHgQQrslYVY9XaAvw3StSRqgKdrfNYK5xio3F7JLcsCeg3""""}";zcajgl9rq5x5xfumvph2
119;NA;NA;;"{""""Q0"""":"""" Often""""}";NA;"{""""Q0"""":[""""&nbsp;Important content errors"""",""""&nbsp;Errors in the coding of items"""",""""&nbsp;Data preparation was harder than it could have been"""",""""&nbsp;Match between hypotheses and data not clear""""]}";"{""""Q0"""":"""" Student (Master, PhD,...)""""}";NA;eocu4akg87384mljk24u
118;NA;NA;;"{""""Q0"""":"""" Always""""}";NA;"{""""Q0"""":[""""&nbsp;Spelling errors"""",""""&nbsp;Data preparation was harder than it could have been"""",""""&nbsp;Match between hypotheses and data not clear"""",""""&nbsp;Errors so bad that my friend had to start over"""",""""&nbsp;My friends do not have errors in their protocols"""",""""&nbsp;Other""""]}";"{""""Q0"""":"""" Senior academic""""}";"{""""Q0"""":""""lbpulCy7znGdZFbJBIbdcxOInvmMdWnMSvzldLiR8rtwXPEkvZ2hrxAHNyA0Qsj0qjWecnVK""""}";k8j7rjm4bdwuo5ubadtz
117;NA;NA;;"{""""Q0"""":"""" Never""""}";"{""""Q0"""":"""" No, but my Research assistant is""""}";NA;"{""""Q0"""":"""" Early Career Academic""""}";NA;pxqjn238jsouee8ca4sj
116;NA;NA;;"{""""Q0"""":"""" Often""""}";NA;"{""""Q0"""":[""""&nbsp;Important content errors"""",""""&nbsp;Data not what we expected"""",""""&nbsp;Other""""]}";"{""""Q0"""":"""" Student (Master, PhD,...)""""}";"{""""Q0"""":""""e35KqnDcdKOPi4XK3jifL1kHAP5RNJJ12fzZGqkdfRi5RdvfHmpml61lbt4TTkocmCEyDQ7mV9qUIllqwsYxe""""}";z3ogphbk2yjpnq67wv22
115;NA;NA;;"{""""Q0"""":"""" Rarely""""}";NA;"{""""Q0"""":[""""&nbsp;Errors in participants balancing to conditions"""",""""&nbsp;Data not what we expected"""",""""&nbsp;Data preparation was harder than it could have been"""",""""&nbsp;Some variables or questions asked to participants but not used in the analysis/paper"""",""""&nbsp;Errors so bad that my friend had to start over"""",""""&nbsp;Other""""]}";"{""""Q0"""":"""" Early Career Academic""""}";"{""""Q0"""":""""ulMxulcFhnsmaFrGGvRcvQI3cDoNiyFpO""""}";azlyeyk9a1o74hpnn67m
114;NA;NA;;"{""""Q0"""":"""" Sometimes""""}";NA;"{""""Q0"""":[""""&nbsp;Spelling errors"""",""""&nbsp;Important content errors"""",""""&nbsp;Errors in the coding of items"""",""""&nbsp;Errors in participants balancing to conditions"""",""""&nbsp;Data not what we expected"""",""""&nbsp;Data preparation was harder than it could have been"""",""""&nbsp;Match between hypotheses and data not clear"""",""""&nbsp;Some variables or questions asked to participants but not used in the analysis/paper"""",""""&nbsp;My friends do not have errors in their protocols"""",""""&nbsp;Other""""]}";"{""""Q0"""":"""" Postdoc or non-ternure track Academic""""}";"{""""Q0"""":""""PyPWyY6e""""}";3g1kc7x9aytvugfwaga6
113;NA;NA;;"{""""Q0"""":"""" Never""""}";"{""""Q0"""":"""" No, but my Research assistant is""""}";NA;"{""""Q0"""":"""" Postdoc or non-ternure track Academic""""}";NA;o8ujraac3745nvxmnlx4
111;NA;NA;;"{""""Q0"""":"""" Often""""}";NA;"{""""Q0"""":[""""&nbsp;Errors in participants balancing to conditions"""",""""&nbsp;Data not what we expected"""",""""&nbsp;Errors so bad that my friend had to start over"""",""""&nbsp;My friends do not have errors in their protocols""""]}";"{""""Q0"""":"""" Postdoc or non-ternure track Academic""""}";NA;sepkup05pbz31r2tf3vw
112;NA;NA;;"{""""Q0"""":"""" Never""""}";"{""""Q0"""":"""" Of course""""}";NA;"{""""Q0"""":"""" Postdoc or non-ternure track Academic""""}";NA;aosz78xadh9pq68bjgkn
110;NA;NA;;"{""""Q0"""":"""" Often""""}";NA;"{""""Q0"""":[""""&nbsp;Errors in participants balancing to conditions"""",""""&nbsp;Data preparation was harder than it could have been"""",""""&nbsp;Match between hypotheses and data not clear"""",""""&nbsp;Some variables or questions asked to participants but not used in the analysis/paper"""",""""&nbsp;Other""""]}";"{""""Q0"""":"""" Postdoc or non-ternure track Academic""""}";"{""""Q0"""":""""HTUHr6EkNv6F8Ooazmce6si8KInToC7uVUKDs7CsM2mkiG8EG2dshdpnN9uwqPUEAc1H8msjTkbmjGy9EeRZQuRUs3q8G9""""}";f4n5llzahag3gufogcta
109;NA;NA;;"{""""Q0"""":"""" Sometimes""""}";NA;"{""""Q0"""":[""""&nbsp;Important content errors"""",""""&nbsp;My friends do not have errors in their protocols""""]}";"{""""Q0"""":"""" Student (Master, PhD,...)""""}";NA;he026qlp3hrrxfvgog95
108;NA;NA;;"{""""Q0"""":"""" Often""""}";NA;"{""""Q0"""":[""""&nbsp;Spelling errors"""",""""&nbsp;Important content errors""""]}";"{""""Q0"""":"""" Student (Master, PhD,...)""""}";NA;v7xfyponpgk5alurzoxt
106;NA;NA;;"{""""Q0"""":"""" Often""""}";NA;"{""""Q0"""":[""""&nbsp;Spelling errors"""",""""&nbsp;Important content errors"""",""""&nbsp;Errors in the coding of items"""",""""&nbsp;Errors in participants balancing to conditions"""",""""&nbsp;Data not what we expected"""",""""&nbsp;Match between hypotheses and data not clear"""",""""&nbsp;Some variables or questions asked to participants but not used in the analysis/paper"""",""""&nbsp;Errors so bad that my friend had to start over"""",""""&nbsp;My friends do not have errors in their protocols"""",""""&nbsp;Other""""]}";"{""""Q0"""":"""" Student (Master, PhD,...)""""}";"{""""Q0"""":""""grxqUDs8iGKDV3aSv""""}";80qgjy2qxph93kz397t8
107;NA;NA;;"{""""Q0"""":"""" Sometimes""""}";NA;"{""""Q0"""":[""""&nbsp;Spelling errors"""",""""&nbsp;Errors in the coding of items"""",""""&nbsp;Data preparation was harder than it could have been"""",""""&nbsp;Errors so bad that my friend had to start over"""",""""&nbsp;My friends do not have errors in their protocols"""",""""&nbsp;Other""""]}";"{""""Q0"""":"""" Student (Master, PhD,...)""""}";"{""""Q0"""":""""9J5a5My0kJm7UiqP9""""}";p1541kh703yq7rsdc68y
105;NA;NA;;"{""""Q0"""":"""" Sometimes""""}";NA;"{""""Q0"""":[""""&nbsp;Spelling errors"""",""""&nbsp;Errors in the coding of items"""",""""&nbsp;Errors in participants balancing to conditions"""",""""&nbsp;Data not what we expected"""",""""&nbsp;Data preparation was harder than it could have been"""",""""&nbsp;Some variables or questions asked to participants but not used in the analysis/paper"""",""""&nbsp;Errors so bad that my friend had to start over"""",""""&nbsp;My friends do not have errors in their protocols""""]}";"{""""Q0"""":"""" Early Career Academic""""}";NA;mhrr3ox4y4qtnrnjz05x
104;NA;NA;;"{""""Q0"""":"""" Often""""}";NA;"{""""Q0"""":[""""&nbsp;Spelling errors"""",""""&nbsp;Important content errors"""",""""&nbsp;Data not what we expected"""",""""&nbsp;Data preparation was harder than it could have been"""",""""&nbsp;Some variables or questions asked to participants but not used in the analysis/paper"""",""""&nbsp;My friends do not have errors in their protocols"""",""""&nbsp;Other""""]}";"{""""Q0"""":"""" Postdoc or non-ternure track Academic""""}";"{""""Q0"""":""""ExptIuT9TLmuIaSABnqTQhV5Pq9jSvJqasWVPjEXdYlJXhorJhaiNK4P4724XO6h3a1oexUNgeMHo329R2NzdBe92l""""}";5cgtgtjklmn9kgy3n6f6
103;NA;NA;;"{""""Q0"""":"""" Rarely""""}";NA;"{""""Q0"""":[""""&nbsp;Important content errors"""",""""&nbsp;Data preparation was harder than it could have been"""",""""&nbsp;My friends do not have errors in their protocols""""]}";"{""""Q0"""":"""" Postdoc or non-ternure track Academic""""}";NA;pted5jrhfx239993t778
102;NA;NA;;"{""""Q0"""":"""" Sometimes""""}";NA;"{""""Q0"""":[""""&nbsp;Important content errors"""",""""&nbsp;Errors in the coding of items"""",""""&nbsp;Errors in participants balancing to conditions"""",""""&nbsp;Data not what we expected"""",""""&nbsp;Match between hypotheses and data not clear"""",""""&nbsp;Some variables or questions asked to participants but not used in the analysis/paper"""",""""&nbsp;Errors so bad that my friend had to start over"""",""""&nbsp;My friends do not have errors in their protocols"""",""""&nbsp;Other""""]}";"{""""Q0"""":"""" Postdoc or non-ternure track Academic""""}";"{""""Q0"""":""""VODIaUvHlrlqP3Zks1cb4PLCqGpNoJRr6yBw9J""""}";xog9nxyasszcsut1r3lr
101;NA;NA;;"{""""Q0"""":"""" Never""""}";"{""""Q0"""":"""" No, but my Research assistant is""""}";NA;"{""""Q0"""":"""" Early Career Academic""""}";NA;xaecwa4swbl7wymhyrsu
100;NA;NA;;"{""""Q0"""":"""" Sometimes""""}";NA;"{""""Q0"""":[""""&nbsp;Data preparation was harder than it could have been"""",""""&nbsp;Match between hypotheses and data not clear"""",""""&nbsp;Errors so bad that my friend had to start over""""]}";"{""""Q0"""":"""" Senior academic""""}";NA;f7cm9a5olt0x5flycpzo
99;NA;NA;;"{""""Q0"""":"""" Sometimes""""}";NA;"{""""Q0"""":[""""&nbsp;Errors in the coding of items"""",""""&nbsp;Errors in participants balancing to conditions"""",""""&nbsp;Data not what we expected"""",""""&nbsp;Some variables or questions asked to participants but not used in the analysis/paper"""",""""&nbsp;Errors so bad that my friend had to start over"""",""""&nbsp;My friends do not have errors in their protocols"""",""""&nbsp;Other""""]}";"{""""Q0"""":"""" Early Career Academic""""}";"{""""Q0"""":""""XlYQScEFwmc7TH8cokv1CZLIH8h""""}";sxdkdb7qujoayct9poq5
98;NA;NA;;"{""""Q0"""":"""" Rarely""""}";NA;"{""""Q0"""":[""""&nbsp;Spelling errors"""",""""&nbsp;Important content errors"""",""""&nbsp;Errors in the coding of items"""",""""&nbsp;Errors in participants balancing to conditions"""",""""&nbsp;Data not what we expected"""",""""&nbsp;Data preparation was harder than it could have been"""",""""&nbsp;Match between hypotheses and data not clear"""",""""&nbsp;Some variables or questions asked to participants but not used in the analysis/paper"""",""""&nbsp;Errors so bad that my friend had to start over"""",""""&nbsp;My friends do not have errors in their protocols"""",""""&nbsp;Other""""]}";"{""""Q0"""":"""" Senior academic""""}";"{""""Q0"""":""""LnCUy5quaxBCxHXYmCeQgqgK5KIM8WxvMOmQChy7NtUtMuuY9chnYm480Dv9pgqMhp""""}";xfpkpx4cwphq3vs6ewot
96;NA;NA;;"{""""Q0"""":"""" Always""""}";NA;"{""""Q0"""":[""""&nbsp;Spelling errors"""",""""&nbsp;Important content errors"""",""""&nbsp;Errors in participants balancing to conditions"""",""""&nbsp;Data not what we expected"""",""""&nbsp;Other""""]}";"{""""Q0"""":"""" Early Career Academic""""}";"{""""Q0"""":""""ZeUjc02M9CSukuIKgM5""""}";vnom9ex5bsu0w7rqujvg
97;NA;NA;;"{""""Q0"""":"""" Rarely""""}";NA;"{""""Q0"""":[""""&nbsp;Spelling errors"""",""""&nbsp;Important content errors"""",""""&nbsp;Errors in the coding of items"""",""""&nbsp;Errors in participants balancing to conditions"""",""""&nbsp;Data not what we expected"""",""""&nbsp;Data preparation was harder than it could have been"""",""""&nbsp;Match between hypotheses and data not clear"""",""""&nbsp;Some variables or questions asked to participants but not used in the analysis/paper"""",""""&nbsp;Errors so bad that my friend had to start over"""",""""&nbsp;My friends do not have errors in their protocols"""",""""&nbsp;Other""""]}";"{""""Q0"""":"""" Senior academic""""}";"{""""Q0"""":""""byEbfRZiK2au0KmhdXymCYhZCzBKX9Gwax0yuEpIKKTe1dWjOv7mjajdXnZQ9Ccuqp3dlo""""}";bz1krnh81ye5dem7ph4p
95;NA;NA;;"{""""Q0"""":"""" Often""""}";NA;"{""""Q0"""":[""""&nbsp;Spelling errors"""",""""&nbsp;Important content errors"""",""""&nbsp;Errors in the coding of items"""",""""&nbsp;Errors in participants balancing to conditions"""",""""&nbsp;Data not what we expected"""",""""&nbsp;Data preparation was harder than it could have been"""",""""&nbsp;Match between hypotheses and data not clear"""",""""&nbsp;Some variables or questions asked to participants but not used in the analysis/paper"""",""""&nbsp;Errors so bad that my friend had to start over"""",""""&nbsp;My friends do not have errors in their protocols"""",""""&nbsp;Other""""]}";"{""""Q0"""":"""" Early Career Academic""""}";"{""""Q0"""":""""XSk804RQ4JXkQglItoj056NDe9UTF""""}";kv43yv9dluqk70menjun
94;NA;NA;;"{""""Q0"""":"""" Rarely""""}";NA;"{""""Q0"""":[""""&nbsp;Spelling errors"""",""""&nbsp;Important content errors"""",""""&nbsp;Errors in the coding of items"""",""""&nbsp;Data not what we expected"""",""""&nbsp;Match between hypotheses and data not clear"""",""""&nbsp;My friends do not have errors in their protocols""""]}";"{""""Q0"""":"""" Early Career Academic""""}";NA;juv7g3349npvkgg6ave0
93;NA;NA;;"{""""Q0"""":"""" Rarely""""}";NA;"{""""Q0"""":[""""&nbsp;Spelling errors"""",""""&nbsp;Important content errors"""",""""&nbsp;Errors in the coding of items"""",""""&nbsp;Errors in participants balancing to conditions"""",""""&nbsp;Data not what we expected"""",""""&nbsp;Data preparation was harder than it could have been"""",""""&nbsp;Some variables or questions asked to participants but not used in the analysis/paper"""",""""&nbsp;Errors so bad that my friend had to start over"""",""""&nbsp;My friends do not have errors in their protocols"""",""""&nbsp;Other""""]}";"{""""Q0"""":"""" Postdoc or non-ternure track Academic""""}";"{""""Q0"""":""""iChRQLX6ltVsRwaaILUNbaFKHDUEfNwqCOgGqYA6HkgklMR9p9VQbBsU3jHUM""""}";uy6hg1f5br7yoq2m7t7o
92;NA;NA;;"{""""Q0"""":"""" Sometimes""""}";NA;"{""""Q0"""":[""""&nbsp;Spelling errors"""",""""&nbsp;Important content errors"""",""""&nbsp;Errors in the coding of items"""",""""&nbsp;Errors in participants balancing to conditions"""",""""&nbsp;Data not what we expected"""",""""&nbsp;Data preparation was harder than it could have been"""",""""&nbsp;Some variables or questions asked to participants but not used in the analysis/paper"""",""""&nbsp;Errors so bad that my friend had to start over"""",""""&nbsp;Other""""]}";"{""""Q0"""":"""" Early Career Academic""""}";"{""""Q0"""":""""saLpz0Zqg0CcCu29ikaAXO0aDWtcoyP""""}";ea53b2hzha53gvlhh9t2
91;NA;NA;;"{""""Q0"""":"""" Often""""}";NA;"{""""Q0"""":[""""&nbsp;Errors in the coding of items"""",""""&nbsp;Data not what we expected"""",""""&nbsp;Errors so bad that my friend had to start over"""",""""&nbsp;Other""""]}";"{""""Q0"""":"""" Postdoc or non-ternure track Academic""""}";"{""""Q0"""":""""MlN6fHk2G6KWqMvOBydDkoQJpcdFulSjYRJrwb3xYsmM3oKxViJ1UqIPd4ickc8gLIBsE3EhsyKITVVzIUVV3BMwSULA""""}";lxg1uzv10umkfjdwhvmw
90;NA;NA;;"{""""Q0"""":"""" Never""""}";"{""""Q0"""":"""" No, but my Research assistant is""""}";NA;"{""""Q0"""":"""" Postdoc or non-ternure track Academic""""}";NA;mjs3l872nxw4zo42e1py
88;NA;NA;;"{""""Q0"""":"""" Rarely""""}";NA;"{""""Q0"""":[""""&nbsp;Spelling errors"""",""""&nbsp;Important content errors"""",""""&nbsp;Errors in participants balancing to conditions"""",""""&nbsp;Data preparation was harder than it could have been"""",""""&nbsp;Match between hypotheses and data not clear"""",""""&nbsp;My friends do not have errors in their protocols"""",""""&nbsp;Other""""]}";"{""""Q0"""":"""" Postdoc or non-ternure track Academic""""}";"{""""Q0"""":""""uij8vyfah9Thv73XaKvap7yEEexsaB3HjQwm1uec4znjCUmOxd6j5FMiO7apeeMXD4BSbqlKdLDeJfALkYh3FR9""""}";5s1emh8rzqdpe36znjlq
89;NA;NA;;"{""""Q0"""":"""" Often""""}";NA;"{""""Q0"""":[""""&nbsp;Important content errors"""",""""&nbsp;Errors in participants balancing to conditions"""",""""&nbsp;Data not what we expected"""",""""&nbsp;Some variables or questions asked to participants but not used in the analysis/paper"""",""""&nbsp;Errors so bad that my friend had to start over"""",""""&nbsp;Other""""]}";"{""""Q0"""":"""" Postdoc or non-ternure track Academic""""}";"{""""Q0"""":""""VNP0XQ5Ya429RAxJcQHLNxJeHma3VSTMi7mdndKdvZMRrcnia2KzXZS5n0SAGuE3I0IsfS3dRGy5m7s8O5N""""}";dh9cmk7wguqc4kkvl3kn
87;NA;NA;;"{""""Q0"""":"""" Often""""}";NA;"{""""Q0"""":[""""&nbsp;Errors in the coding of items"""",""""&nbsp;Data preparation was harder than it could have been""""]}";"{""""Q0"""":"""" Senior academic""""}";NA;xtqpzngdl9a4bx9hcea7
86;NA;NA;;"{""""Q0"""":"""" Sometimes""""}";NA;"{""""Q0"""":[""""&nbsp;Important content errors"""",""""&nbsp;Errors in the coding of items"""",""""&nbsp;Errors in participants balancing to conditions"""",""""&nbsp;Data not what we expected"""",""""&nbsp;Data preparation was harder than it could have been"""",""""&nbsp;Some variables or questions asked to participants but not used in the analysis/paper"""",""""&nbsp;Errors so bad that my friend had to start over"""",""""&nbsp;Other""""]}";"{""""Q0"""":"""" Senior academic""""}";"{""""Q0"""":""""S1VEVTtMincRoLW""""}";kmoc5dsg1488yuax95ya
85;NA;NA;;"{""""Q0"""":"""" Always""""}";NA;"{""""Q0"""":[""""&nbsp;Spelling errors"""",""""&nbsp;Important content errors""""]}";"{""""Q0"""":"""" Early Career Academic""""}";NA;nmzoz0cr057ccp0lujof
84;NA;NA;;"{""""Q0"""":"""" Rarely""""}";NA;"{""""Q0"""":[""""&nbsp;Some variables or questions asked to participants but not used in the analysis/paper"""",""""&nbsp;My friends do not have errors in their protocols""""]}";"{""""Q0"""":"""" Postdoc or non-ternure track Academic""""}";NA;f4qwa39gkpxtvvk0l5jm
83;NA;NA;;"{""""Q0"""":"""" Always""""}";NA;"{""""Q0"""":[""""&nbsp;Spelling errors"""",""""&nbsp;Errors in the coding of items"""",""""&nbsp;Errors in participants balancing to conditions"""",""""&nbsp;Data not what we expected"""",""""&nbsp;Data preparation was harder than it could have been"""",""""&nbsp;Some variables or questions asked to participants but not used in the analysis/paper"""",""""&nbsp;Errors so bad that my friend had to start over""""]}";"{""""Q0"""":"""" Postdoc or non-ternure track Academic""""}";NA;83bvr56r201xrbgmc0k3
82;NA;NA;;"{""""Q0"""":"""" Sometimes""""}";NA;"{""""Q0"""":[""""&nbsp;Errors in participants balancing to conditions""""]}";"{""""Q0"""":"""" Early Career Academic""""}";NA;f4pjwu1o91sbfofd0ouw
81;NA;NA;;"{""""Q0"""":"""" Rarely""""}";NA;"{""""Q0"""":[""""&nbsp;Spelling errors"""",""""&nbsp;Important content errors"""",""""&nbsp;Errors in the coding of items"""",""""&nbsp;Data not what we expected"""",""""&nbsp;Data preparation was harder than it could have been"""",""""&nbsp;Match between hypotheses and data not clear"""",""""&nbsp;Some variables or questions asked to participants but not used in the analysis/paper"""",""""&nbsp;My friends do not have errors in their protocols"""",""""&nbsp;Other""""]}";"{""""Q0"""":"""" Postdoc or non-ternure track Academic""""}";"{""""Q0"""":""""WV75QB1JSHnps88HLKAYVZYtzwOuBsf3XxPsm2pebyO""""}";1w26ek0kmbrxe4y2jo68
80;NA;NA;;"{""""Q0"""":"""" Never""""}";"{""""Q0"""":"""" Of course""""}";NA;"{""""Q0"""":"""" Postdoc or non-ternure track Academic""""}";NA;96x6pn8rrn0gz2fr665w
79;NA;NA;;"{""""Q0"""":"""" Never""""}";"{""""Q0"""":"""" Of course""""}";NA;"{""""Q0"""":"""" Student (Master, PhD,...)""""}";NA;gsr4j7314n6b6sad8q5g
78;NA;NA;;"{""""Q0"""":"""" Never""""}";"{""""Q0"""":"""" No, but my Research assistant is""""}";NA;"{""""Q0"""":"""" Early Career Academic""""}";NA;2go2nknjrdybwvwosv3s
77;NA;NA;;"{""""Q0"""":"""" Always""""}";NA;"{""""Q0"""":[""""&nbsp;Spelling errors"""",""""&nbsp;Errors in participants balancing to conditions"""",""""&nbsp;Data not what we expected"""",""""&nbsp;Data preparation was harder than it could have been"""",""""&nbsp;Match between hypotheses and data not clear"""",""""&nbsp;Some variables or questions asked to participants but not used in the analysis/paper"""",""""&nbsp;Errors so bad that my friend had to start over"""",""""&nbsp;My friends do not have errors in their protocols"""",""""&nbsp;Other""""]}";"{""""Q0"""":"""" Student (Master, PhD,...)""""}";"{""""Q0"""":""""gzXxfIMAYVCdgdM66BE4oalL0o0CVKLX""""}";g382bo7k9tlm3mb29mkg
76;NA;NA;;"{""""Q0"""":"""" Rarely""""}";NA;"{""""Q0"""":[""""&nbsp;Spelling errors"""",""""&nbsp;Important content errors"""",""""&nbsp;Errors in the coding of items"""",""""&nbsp;Errors in participants balancing to conditions"""",""""&nbsp;Data not what we expected"""",""""&nbsp;Match between hypotheses and data not clear"""",""""&nbsp;Errors so bad that my friend had to start over"""",""""&nbsp;Other""""]}";"{""""Q0"""":"""" Early Career Academic""""}";"{""""Q0"""":""""KTFJ1OiDrlERNtHGiChNezIqX7tBaM1Uj""""}";clvrul9m5s1mstj7p433
75;NA;NA;;"{""""Q0"""":"""" Never""""}";"{""""Q0"""":"""" Of course""""}";NA;"{""""Q0"""":"""" Student (Master, PhD,...)""""}";NA;da2fjjsokwrrz7y37e1b
74;NA;NA;;"{""""Q0"""":"""" Often""""}";NA;"{""""Q0"""":[""""&nbsp;Spelling errors"""",""""&nbsp;Important content errors"""",""""&nbsp;Errors in the coding of items"""",""""&nbsp;Errors in participants balancing to conditions"""",""""&nbsp;Data preparation was harder than it could have been"""",""""&nbsp;Match between hypotheses and data not clear"""",""""&nbsp;Some variables or questions asked to participants but not used in the analysis/paper"""",""""&nbsp;Errors so bad that my friend had to start over"""",""""&nbsp;My friends do not have errors in their protocols"""",""""&nbsp;Other""""]}";"{""""Q0"""":"""" Early Career Academic""""}";"{""""Q0"""":""""KTFJ1OiDrlERNtHGiChNezIqX7tBaM1Uj""""}";le0uznjx1yweja5vamfc
73;NA;NA;;"{""""Q0"""":"""" Sometimes""""}";NA;"{""""Q0"""":[""""&nbsp;Data preparation was harder than it could have been"""",""""&nbsp;Match between hypotheses and data not clear"""",""""&nbsp;Errors so bad that my friend had to start over"""",""""&nbsp;Other""""]}";"{""""Q0"""":"""" Student (Master, PhD,...)""""}";"{""""Q0"""":""""4U9NIyIkfCR8hqfP4v0wbvi""""}";xfey9452jah7byv9mlza
72;NA;NA;;"{""""Q0"""":"""" Often""""}";NA;"{""""Q0"""":[""""&nbsp;Match between hypotheses and data not clear"""",""""&nbsp;My friends do not have errors in their protocols""""]}";"{""""Q0"""":"""" Postdoc or non-ternure track Academic""""}";NA;yprq21lphp7b6xkp3onx
71;NA;NA;;"{""""Q0"""":"""" Rarely""""}";NA;"{""""Q0"""":[""""&nbsp;Errors in the coding of items"""",""""&nbsp;Errors in participants balancing to conditions"""",""""&nbsp;Data not what we expected"""",""""&nbsp;Data preparation was harder than it could have been"""",""""&nbsp;Match between hypotheses and data not clear"""",""""&nbsp;Some variables or questions asked to participants but not used in the analysis/paper""""]}";"{""""Q0"""":"""" Student (Master, PhD,...)""""}";NA;mos05l4j5u4x6jnabulg
70;NA;NA;;"{""""Q0"""":"""" Sometimes""""}";NA;"{""""Q0"""":[""""&nbsp;Match between hypotheses and data not clear"""",""""&nbsp;My friends do not have errors in their protocols""""]}";"{""""Q0"""":"""" Postdoc or non-ternure track Academic""""}";NA;4ef4nc9tn96q9hmtm1sn
68;NA;NA;;"{""""Q0"""":"""" Never""""}";"{""""Q0"""":"""" Of course""""}";NA;"{""""Q0"""":"""" Senior academic""""}";NA;zlykj3mx1s394uzyl13l
69;NA;NA;;"{""""Q0"""":"""" Sometimes""""}";NA;"{""""Q0"""":[""""&nbsp;Important content errors"""",""""&nbsp;Errors in the coding of items"""",""""&nbsp;Errors in participants balancing to conditions"""",""""&nbsp;Data preparation was harder than it could have been"""",""""&nbsp;Match between hypotheses and data not clear"""",""""&nbsp;Errors so bad that my friend had to start over"""",""""&nbsp;Other""""]}";"{""""Q0"""":"""" Student (Master, PhD,...)""""}";"{""""Q0"""":""""VexQzLBfy2aONzF""""}";4h5yf8h44xwedk0u97mp
67;NA;NA;;"{""""Q0"""":"""" Sometimes""""}";NA;"{""""Q0"""":[""""&nbsp;Important content errors"""",""""&nbsp;Errors in the coding of items"""",""""&nbsp;Errors in participants balancing to conditions"""",""""&nbsp;Data preparation was harder than it could have been"""",""""&nbsp;Errors so bad that my friend had to start over"""",""""&nbsp;My friends do not have errors in their protocols"""",""""&nbsp;Other""""]}";"{""""Q0"""":"""" Senior academic""""}";"{""""Q0"""":""""lpwjC1yG6ViS0rE66fXNAbNUUsoAlkg5h7lQ0quUGlkRRUmI8216kawk8y1d1rcySLCZJSXyYtCO1wCr7yQypg""""}";f6l0omomh2wzg9w96cqf
66;NA;NA;;"{""""Q0"""":"""" Rarely""""}";NA;"{""""Q0"""":[""""&nbsp;Other""""]}";"{""""Q0"""":"""" Senior academic""""}";"{""""Q0"""":""""jTzz2lfyYkYB1K6aklDjquuhPmZOCldKmvRkowbQDXEN7ToTC2Gx41MZCfAbhOHNh6giEQ4mkUHd""""}";ln5n4yok7sjgfsqfhk7w
65;NA;NA;;"{""""Q0"""":"""" Often""""}";NA;"{""""Q0"""":[""""&nbsp;Important content errors"""",""""&nbsp;Data preparation was harder than it could have been"""",""""&nbsp;Match between hypotheses and data not clear""""]}";"{""""Q0"""":"""" Postdoc or non-ternure track Academic""""}";NA;453gx8mb89zu3q38s1sb
64;NA;NA;;"{""""Q0"""":"""" Sometimes""""}";NA;"{""""Q0"""":[""""&nbsp;Data not what we expected"""",""""&nbsp;Data preparation was harder than it could have been"""",""""&nbsp;Match between hypotheses and data not clear"""",""""&nbsp;Some variables or questions asked to participants but not used in the analysis/paper"""",""""&nbsp;Errors so bad that my friend had to start over"""",""""&nbsp;Other""""]}";"{""""Q0"""":"""" Student (Master, PhD,...)""""}";"{""""Q0"""":""""tDSsKDjPDHZkKibUpCYRDWB9rG56""""}";8n92brazjlqs83o68bpp
62;NA;NA;;"{""""Q0"""":"""" Sometimes""""}";NA;"{""""Q0"""":[""""&nbsp;Errors in the coding of items"""",""""&nbsp;Errors so bad that my friend had to start over"""",""""&nbsp;My friends do not have errors in their protocols""""]}";"{""""Q0"""":"""" Early Career Academic""""}";NA;00ll2n8g1am8xdgugnen
63;NA;NA;;"{""""Q0"""":"""" Sometimes""""}";NA;"{""""Q0"""":[""""&nbsp;Spelling errors"""",""""&nbsp;Important content errors"""",""""&nbsp;Errors in the coding of items"""",""""&nbsp;Errors in participants balancing to conditions"""",""""&nbsp;Data preparation was harder than it could have been"""",""""&nbsp;Match between hypotheses and data not clear"""",""""&nbsp;Some variables or questions asked to participants but not used in the analysis/paper"""",""""&nbsp;Errors so bad that my friend had to start over"""",""""&nbsp;My friends do not have errors in their protocols"""",""""&nbsp;Other""""]}";"{""""Q0"""":"""" Postdoc or non-ternure track Academic""""}";"{""""Q0"""":""""HcZoA09u1s2xQ4rz1v""""}";6zkn7c8sq2gzl9ngc7w3
61;NA;NA;;"{""""Q0"""":"""" Often""""}";NA;"{""""Q0"""":[""""&nbsp;Errors in participants balancing to conditions"""",""""&nbsp;Data not what we expected"""",""""&nbsp;Data preparation was harder than it could have been"""",""""&nbsp;Some variables or questions asked to participants but not used in the analysis/paper"""",""""&nbsp;Errors so bad that my friend had to start over""""]}";"{""""Q0"""":"""" Postdoc or non-ternure track Academic""""}";NA;1fb78b5uqq4o9hu5j0uq
60;NA;NA;;"{""""Q0"""":"""" Rarely""""}";NA;"{""""Q0"""":[""""&nbsp;Spelling errors"""",""""&nbsp;Important content errors"""",""""&nbsp;Errors in the coding of items"""",""""&nbsp;Errors in participants balancing to conditions"""",""""&nbsp;Data not what we expected"""",""""&nbsp;Data preparation was harder than it could have been"""",""""&nbsp;Match between hypotheses and data not clear"""",""""&nbsp;Some variables or questions asked to participants but not used in the analysis/paper"""",""""&nbsp;Errors so bad that my friend had to start over"""",""""&nbsp;My friends do not have errors in their protocols"""",""""&nbsp;Other""""]}";"{""""Q0"""":"""" Early Career Academic""""}";"{""""Q0"""":""""RM""""}";0g2s31ys111vx34g2lhj
59;NA;NA;;"{""""Q0"""":"""" Never""""}";"{""""Q0"""":"""" Of course""""}";NA;"{""""Q0"""":"""" Early Career Academic""""}";NA;eovopsqq1rdg1t2hn3f9
58;NA;NA;;"{""""Q0"""":"""" Always""""}";NA;"{""""Q0"""":[""""&nbsp;Spelling errors"""",""""&nbsp;Important content errors"""",""""&nbsp;Errors in the coding of items"""",""""&nbsp;Data not what we expected"""",""""&nbsp;Data preparation was harder than it could have been"""",""""&nbsp;Match between hypotheses and data not clear"""",""""&nbsp;My friends do not have errors in their protocols"""",""""&nbsp;Other""""]}";"{""""Q0"""":"""" Student (Master, PhD,...)""""}";"{""""Q0"""":""""m4b0fdakMCVqPBJ9WvSE7U47uRVJjUNIR9t8J8AMFT""""}";cw2hscdqhm3lclezymb9
57;NA;NA;;"{""""Q0"""":"""" Never""""}";"{""""Q0"""":"""" Of course""""}";NA;"{""""Q0"""":"""" Early Career Academic""""}";NA;7sjl27m2kyyjjs5c0xxa
56;NA;NA;;"{""""Q0"""":"""" Often""""}";NA;"{""""Q0"""":[""""&nbsp;Important content errors""""]}";"{""""Q0"""":"""" Postdoc or non-ternure track Academic""""}";NA;ylkshoaa77posda29d1p
55;NA;NA;;"{""""Q0"""":"""" Always""""}";NA;"{""""Q0"""":[""""&nbsp;Spelling errors"""",""""&nbsp;Errors in the coding of items"""",""""&nbsp;Data not what we expected"""",""""&nbsp;Data preparation was harder than it could have been"""",""""&nbsp;Match between hypotheses and data not clear"""",""""&nbsp;Some variables or questions asked to participants but not used in the analysis/paper"""",""""&nbsp;Errors so bad that my friend had to start over"""",""""&nbsp;My friends do not have errors in their protocols"""",""""&nbsp;Other""""]}";"{""""Q0"""":"""" Early Career Academic""""}";"{""""Q0"""":""""rwjSqqZSszA0RMYhv00sPTRTUIbEicqByRYvoBOAwPxr""""}";3qt1aykzoa8pr5xgr8tg
54;NA;NA;;"{""""Q0"""":"""" Never""""}";"{""""Q0"""":"""" No, but my Research assistant is""""}";NA;"{""""Q0"""":"""" Student (Master, PhD,...)""""}";NA;zcxnvgc7667bv3c2yebc
53;NA;NA;;"{""""Q0"""":"""" Rarely""""}";NA;"{""""Q0"""":[""""&nbsp;Spelling errors"""",""""&nbsp;Important content errors"""",""""&nbsp;Errors in the coding of items"""",""""&nbsp;Errors in participants balancing to conditions"""",""""&nbsp;Match between hypotheses and data not clear"""",""""&nbsp;Some variables or questions asked to participants but not used in the analysis/paper"""",""""&nbsp;My friends do not have errors in their protocols"""",""""&nbsp;Other""""]}";"{""""Q0"""":"""" Student (Master, PhD,...)""""}";"{""""Q0"""":""""gM48YowEmVekk35gcfO3rQ68zFraKaTIjvGzLo5""""}";hzhl7g9dr3l99ubnk03o
52;NA;NA;;"{""""Q0"""":"""" Never""""}";"{""""Q0"""":"""" Of course""""}";NA;"{""""Q0"""":"""" Postdoc or non-ternure track Academic""""}";NA;r3bjootv471hvrw5a1e7
51;NA;NA;;"{""""Q0"""":"""" Sometimes""""}";NA;"{""""Q0"""":[""""&nbsp;Match between hypotheses and data not clear""""]}";"{""""Q0"""":"""" Early Career Academic""""}";NA;0839xloqmb9a5nt745p7
50;NA;NA;;"{""""Q0"""":"""" Never""""}";"{""""Q0"""":"""" No, but my Research assistant is""""}";NA;"{""""Q0"""":"""" Student (Master, PhD,...)""""}";NA;43gyuef3lzdln71qp6l3
49;NA;NA;;"{""""Q0"""":"""" Rarely""""}";NA;"{""""Q0"""":[""""&nbsp;Spelling errors"""",""""&nbsp;Important content errors"""",""""&nbsp;Errors in the coding of items"""",""""&nbsp;Errors in participants balancing to conditions"""",""""&nbsp;Data not what we expected"""",""""&nbsp;Data preparation was harder than it could have been"""",""""&nbsp;Match between hypotheses and data not clear"""",""""&nbsp;Some variables or questions asked to participants but not used in the analysis/paper"""",""""&nbsp;Errors so bad that my friend had to start over"""",""""&nbsp;My friends do not have errors in their protocols"""",""""&nbsp;Other""""]}";"{""""Q0"""":"""" Early Career Academic""""}";"{""""Q0"""":""""KDJwftKQ7l8lqm8ntvcHhDBSPKI""""}";g9b1ckjhy91px96s9m9m
48;NA;NA;;"{""""Q0"""":"""" Never""""}";"{""""Q0"""":"""" Of course""""}";NA;"{""""Q0"""":"""" Postdoc or non-ternure track Academic""""}";NA;8dbdh2j7a04fvjhs6fas
47;NA;NA;;"{""""Q0"""":"""" Often""""}";NA;"{""""Q0"""":[""""&nbsp;Spelling errors"""",""""&nbsp;Data preparation was harder than it could have been"""",""""&nbsp;Match between hypotheses and data not clear"""",""""&nbsp;Other""""]}";"{""""Q0"""":"""" Senior academic""""}";"{""""Q0"""":""""erMrAmA1sMvGBG7d3nQAdK9Eed5JfuHSLhgTOYzJTfD16FP9VokNwc9ElkX61a0rPTtkRivn7yKUQlgT""""}";w8abocl46h3tj181ezvk
46;NA;NA;;"{""""Q0"""":"""" Sometimes""""}";NA;"{""""Q0"""":[""""&nbsp;Spelling errors"""",""""&nbsp;Data preparation was harder than it could have been"""",""""&nbsp;My friends do not have errors in their protocols"""",""""&nbsp;Other""""]}";"{""""Q0"""":"""" Postdoc or non-ternure track Academic""""}";"{""""Q0"""":""""OdLkiCK8V9sRemoVnZSkCeCEqURmVn0Sf1IRsR1IsoumNbBcpiS9TexEh0FBVL1qV3kp""""}";gofedo9gucplsj9yc37l
45;NA;NA;;"{""""Q0"""":"""" Often""""}";NA;"{""""Q0"""":[""""&nbsp;Spelling errors"""",""""&nbsp;Important content errors"""",""""&nbsp;Errors in the coding of items"""",""""&nbsp;Data not what we expected"""",""""&nbsp;Data preparation was harder than it could have been"""",""""&nbsp;Match between hypotheses and data not clear"""",""""&nbsp;Errors so bad that my friend had to start over"""",""""&nbsp;Other""""]}";"{""""Q0"""":"""" Student (Master, PhD,...)""""}";"{""""Q0"""":""""RvAdTZ7i9aLPjLxJ3d5ug6pjLXhVEwELYaHTSX23t2""""}";5mbg819brlz0t6s4u1mm
44;NA;NA;;"{""""Q0"""":"""" Sometimes""""}";NA;"{""""Q0"""":[""""&nbsp;Spelling errors"""",""""&nbsp;Data not what we expected"""",""""&nbsp;My friends do not have errors in their protocols"""",""""&nbsp;Other""""]}";"{""""Q0"""":"""" Student (Master, PhD,...)""""}";"{""""Q0"""":""""fNQqNuGCDutHQGVM7IAVNB6qA1ZEN9YHXyhUTFWzxQFzBk3BddfPNQ3IyBodMHi59tz""""}";622ayft9h6824sgfhtzp
43;NA;NA;;"{""""Q0"""":"""" Often""""}";NA;"{""""Q0"""":[""""&nbsp;Spelling errors"""",""""&nbsp;Important content errors"""",""""&nbsp;Errors in the coding of items"""",""""&nbsp;Errors in participants balancing to conditions"""",""""&nbsp;Data not what we expected"""",""""&nbsp;Data preparation was harder than it could have been"""",""""&nbsp;Match between hypotheses and data not clear"""",""""&nbsp;Errors so bad that my friend had to start over"""",""""&nbsp;My friends do not have errors in their protocols"""",""""&nbsp;Other""""]}";"{""""Q0"""":"""" Early Career Academic""""}";"{""""Q0"""":""""A2bG4WnrtBLw6KFD7Wdktkf42aOUtHwY60""""}";bmk2wpp6b8bpans5qq8m
42;NA;NA;;"{""""Q0"""":"""" Often""""}";NA;"{""""Q0"""":[""""&nbsp;Spelling errors"""",""""&nbsp;Important content errors"""",""""&nbsp;Errors in the coding of items"""",""""&nbsp;Errors in participants balancing to conditions"""",""""&nbsp;Data not what we expected"""",""""&nbsp;Data preparation was harder than it could have been"""",""""&nbsp;Match between hypotheses and data not clear"""",""""&nbsp;Some variables or questions asked to participants but not used in the analysis/paper"""",""""&nbsp;Errors so bad that my friend had to start over"""",""""&nbsp;My friends do not have errors in their protocols"""",""""&nbsp;Other""""]}";"{""""Q0"""":"""" Early Career Academic""""}";"{""""Q0"""":""""2z5owcVaN4pdN9vwsxfm3HDhfR4D0oPNmwQuCfhjmrqwXcgYWkEf8m7HfUTTvcWqzIj""""}";qzhy0tnh2hh7oj6qb39x
41;NA;NA;;"{""""Q0"""":"""" Always""""}";NA;"{""""Q0"""":[""""&nbsp;Important content errors"""",""""&nbsp;Errors in the coding of items"""",""""&nbsp;Errors in participants balancing to conditions"""",""""&nbsp;Match between hypotheses and data not clear"""",""""&nbsp;Errors so bad that my friend had to start over"""",""""&nbsp;My friends do not have errors in their protocols"""",""""&nbsp;Other""""]}";"{""""Q0"""":"""" Early Career Academic""""}";"{""""Q0"""":""""14gj1Ch481enYU3wfaeXRUdcZQPgatLoo3pSsbq9D""""}";majpp8yt7zd0lwt2h3vs
40;NA;NA;;"{""""Q0"""":"""" Never""""}";"{""""Q0"""":"""" No, but my Research assistant is""""}";NA;"{""""Q0"""":"""" Postdoc or non-ternure track Academic""""}";NA;jx4fv9ddl1c14qr776nq
39;NA;NA;;"{""""Q0"""":"""" Always""""}";NA;"{""""Q0"""":[""""&nbsp;Spelling errors"""",""""&nbsp;Errors in the coding of items"""",""""&nbsp;Data not what we expected"""",""""&nbsp;Data preparation was harder than it could have been"""",""""&nbsp;Match between hypotheses and data not clear"""",""""&nbsp;Some variables or questions asked to participants but not used in the analysis/paper"""",""""&nbsp;Errors so bad that my friend had to start over"""",""""&nbsp;My friends do not have errors in their protocols"""",""""&nbsp;Other""""]}";"{""""Q0"""":"""" Postdoc or non-ternure track Academic""""}";"{""""Q0"""":""""L129d45HQGlUhOu7NO6c44gJyl6N3xdxmmj6B1YdNVIzpTZhnJhpI2Kin4t25Qb25iwhDo""""}";l7z2e6fqtzq15ch8tkwv
38;NA;NA;;"{""""Q0"""":"""" Sometimes""""}";NA;"{""""Q0"""":[""""&nbsp;Spelling errors"""",""""&nbsp;Important content errors"""",""""&nbsp;Errors in participants balancing to conditions"""",""""&nbsp;Some variables or questions asked to participants but not used in the analysis/paper"""",""""&nbsp;Errors so bad that my friend had to start over"""",""""&nbsp;Other""""]}";"{""""Q0"""":"""" Postdoc or non-ternure track Academic""""}";"{""""Q0"""":""""ghH5Rt2n2GrLchBSfJQQUXuaHJLZwQQ0ikNJfUNAJxkhkVc6fsPT2OzOwVOBwJRRIod74bDGByewQxx""""}";kdy04a5qkmbh5oku4h50
37;NA;NA;;"{""""Q0"""":"""" Rarely""""}";NA;"{""""Q0"""":[""""&nbsp;Errors in participants balancing to conditions""""]}";"{""""Q0"""":"""" Student (Master, PhD,...)""""}";NA;z8va779hxbbtextf34gm
36;NA;NA;;"{""""Q0"""":"""" Sometimes""""}";NA;"{""""Q0"""":[""""&nbsp;Errors in the coding of items"""",""""&nbsp;Data preparation was harder than it could have been"""",""""&nbsp;My friends do not have errors in their protocols""""]}";"{""""Q0"""":"""" Student (Master, PhD,...)""""}";NA;3qqsk30vvovykeu2sz2q
35;NA;NA;;"{""""Q0"""":"""" Rarely""""}";NA;"{""""Q0"""":[""""&nbsp;Spelling errors"""",""""&nbsp;Important content errors"""",""""&nbsp;Errors in the coding of items"""",""""&nbsp;Data not what we expected""""]}";"{""""Q0"""":"""" Student (Master, PhD,...)""""}";NA;lk3esk4zx1c2tu4or5pa
34;NA;NA;;"{""""Q0"""":"""" Often""""}";NA;"{""""Q0"""":[""""&nbsp;Errors in the coding of items"""",""""&nbsp;Data preparation was harder than it could have been""""]}";"{""""Q0"""":"""" Senior academic""""}";NA;bd0ae7j9flsbhnwp4ool
33;NA;NA;;"{""""Q0"""":"""" Never""""}";"{""""Q0"""":"""" No, but my Research assistant is""""}";NA;"{""""Q0"""":"""" Postdoc or non-ternure track Academic""""}";NA;8byhmqgk39prrpzs5qs9
31;NA;NA;;"{""""Q0"""":"""" Sometimes""""}";NA;"{""""Q0"""":[""""&nbsp;Spelling errors"""",""""&nbsp;Data not what we expected"""",""""&nbsp;Some variables or questions asked to participants but not used in the analysis/paper""""]}";"{""""Q0"""":"""" Senior academic""""}";NA;pnoc8k3wy71wyvaed6ar
32;NA;NA;;"{""""Q0"""":"""" Rarely""""}";NA;"{""""Q0"""":[""""&nbsp;Errors in the coding of items"""",""""&nbsp;Other""""]}";"{""""Q0"""":"""" Senior academic""""}";"{""""Q0"""":""""gCMewgsu9xUV73x3m2x3ghPhgj0357c7NkC2rI2DehRuqpkMrrOa2EZjCphvgOjtt0N3gdyM3fklFq2sK1mvZeQ41DPSLz""""}";2djwugntaz9f18wurx6q
30;NA;NA;;"{""""Q0"""":"""" Often""""}";NA;"{""""Q0"""":[""""&nbsp;Important content errors"""",""""&nbsp;Errors in the coding of items"""",""""&nbsp;Match between hypotheses and data not clear"""",""""&nbsp;Some variables or questions asked to participants but not used in the analysis/paper""""]}";"{""""Q0"""":"""" Postdoc or non-ternure track Academic""""}";NA;b3ysbopv5q1y0581nl7j
29;NA;NA;;"{""""Q0"""":"""" Always""""}";NA;"{""""Q0"""":[""""&nbsp;Some variables or questions asked to participants but not used in the analysis/paper"""",""""&nbsp;Errors so bad that my friend had to start over"""",""""&nbsp;My friends do not have errors in their protocols""""]}";"{""""Q0"""":"""" Early Career Academic""""}";NA;0qm46red73ontxa7fpcy
28;NA;NA;;"{""""Q0"""":"""" Always""""}";NA;"{""""Q0"""":[""""&nbsp;Spelling errors"""",""""&nbsp;Important content errors"""",""""&nbsp;Errors in the coding of items"""",""""&nbsp;Errors in participants balancing to conditions"""",""""&nbsp;Data not what we expected"""",""""&nbsp;Data preparation was harder than it could have been"""",""""&nbsp;Match between hypotheses and data not clear"""",""""&nbsp;Some variables or questions asked to participants but not used in the analysis/paper"""",""""&nbsp;Errors so bad that my friend had to start over"""",""""&nbsp;My friends do not have errors in their protocols""""]}";"{""""Q0"""":"""" Early Career Academic""""}";NA;6nnv4njwfquofde9je8w
27;NA;NA;;"{""""Q0"""":"""" Sometimes""""}";NA;"{""""Q0"""":[""""&nbsp;Spelling errors"""",""""&nbsp;Important content errors"""",""""&nbsp;Errors in participants balancing to conditions"""",""""&nbsp;Data not what we expected"""",""""&nbsp;Data preparation was harder than it could have been"""",""""&nbsp;Some variables or questions asked to participants but not used in the analysis/paper"""",""""&nbsp;Errors so bad that my friend had to start over"""",""""&nbsp;My friends do not have errors in their protocols"""",""""&nbsp;Other""""]}";"{""""Q0"""":"""" Early Career Academic""""}";"{""""Q0"""":""""Gb2IG6WpFR7fz1eCTSIqTn8ssAw9fi6Y4XtZbCYoDHqlyMyOzRPljWrvspNc08dpJDGQ12SvO6B2UR1dYC0igEdsnpwNUwKxFiMI""""}";awmhzc1k7duoq5fjvmjy
26;NA;NA;;"{""""Q0"""":"""" Sometimes""""}";NA;"{""""Q0"""":[""""&nbsp;Errors in participants balancing to conditions""""]}";"{""""Q0"""":"""" Postdoc or non-ternure track Academic""""}";NA;04l8pnoy1p67zax4c0w0
25;NA;NA;;"{""""Q0"""":"""" Rarely""""}";NA;"{""""Q0"""":[""""&nbsp;Spelling errors"""",""""&nbsp;Important content errors"""",""""&nbsp;Errors in the coding of items"""",""""&nbsp;Errors in participants balancing to conditions"""",""""&nbsp;Data not what we expected"""",""""&nbsp;Data preparation was harder than it could have been"""",""""&nbsp;Match between hypotheses and data not clear"""",""""&nbsp;Some variables or questions asked to participants but not used in the analysis/paper"""",""""&nbsp;Errors so bad that my friend had to start over"""",""""&nbsp;My friends do not have errors in their protocols"""",""""&nbsp;Other""""]}";"{""""Q0"""":"""" Student (Master, PhD,...)""""}";"{""""Q0"""":""""loZgOTXv8hAbVtO14TBYV8gN22XnkMSCtREyTg3MbwMCfxNrBl320b11""""}";0m2mekqpkt8bru05cfhy
24;NA;NA;;"{""""Q0"""":"""" Never""""}";"{""""Q0"""":"""" Of course""""}";NA;"{""""Q0"""":"""" Postdoc or non-ternure track Academic""""}";NA;nppgs2pwj76ffn1c2g10
23;NA;NA;;"{""""Q0"""":"""" Never""""}";"{""""Q0"""":"""" No, but my Research assistant is""""}";NA;"{""""Q0"""":"""" Early Career Academic""""}";NA;5l86flmq9dkdwsax1vjh
22;NA;NA;;"{""""Q0"""":"""" Never""""}";"{""""Q0"""":"""" Of course""""}";NA;"{""""Q0"""":"""" Early Career Academic""""}";NA;swaxtfrwz949z894asqr
21;NA;NA;;"{""""Q0"""":"""" Sometimes""""}";NA;"{""""Q0"""":[""""&nbsp;Data not what we expected"""",""""&nbsp;Data preparation was harder than it could have been"""",""""&nbsp;Some variables or questions asked to participants but not used in the analysis/paper""""]}";"{""""Q0"""":"""" Senior academic""""}";NA;fhhplwhjx0yqkwm62ea6
20;NA;NA;;"{""""Q0"""":"""" Always""""}";NA;"{""""Q0"""":[""""&nbsp;Important content errors"""",""""&nbsp;Other""""]}";"{""""Q0"""":"""" Early Career Academic""""}";"{""""Q0"""":""""HpdWj8ehSivFSwy7TYu8zw5VOuRpjoOg0p0CubNR2yQxtdycKLOm2kfAGVfylZqBGpgE28DTCi0NV0a9MemYE55If0CvvjKVkccD""""}";9lvrgvpf5k8mwfd7y6ww
19;NA;NA;;"{""""Q0"""":"""" Sometimes""""}";NA;"{""""Q0"""":[""""&nbsp;Some variables or questions asked to participants but not used in the analysis/paper"""",""""&nbsp;My friends do not have errors in their protocols"""",""""&nbsp;Other""""]}";"{""""Q0"""":"""" Senior academic""""}";"{""""Q0"""":""""Z8qxtWofgjiI3nq5z67pHiqVNFTTdZkyon""""}";90bpelw8fr2enfzplr8g
18;NA;NA;;"{""""Q0"""":"""" Sometimes""""}";NA;"{""""Q0"""":[""""&nbsp;Data not what we expected""""]}";"{""""Q0"""":"""" Early Career Academic""""}";NA;4z5yd6wsdpgwre20u1z8
17;NA;NA;;"{""""Q0"""":"""" Always""""}";NA;"{""""Q0"""":[""""&nbsp;Spelling errors"""",""""&nbsp;Important content errors"""",""""&nbsp;Errors in the coding of items"""",""""&nbsp;Errors in participants balancing to conditions"""",""""&nbsp;Data not what we expected"""",""""&nbsp;Match between hypotheses and data not clear"""",""""&nbsp;Some variables or questions asked to participants but not used in the analysis/paper"""",""""&nbsp;Errors so bad that my friend had to start over""""]}";"{""""Q0"""":"""" Early Career Academic""""}";NA;zv2dnymllhzyhxurlduc
16;NA;NA;;"{""""Q0"""":"""" Always""""}";NA;"{""""Q0"""":[""""&nbsp;Errors in participants balancing to conditions"""",""""&nbsp;Match between hypotheses and data not clear"""",""""&nbsp;Errors so bad that my friend had to start over""""]}";"{""""Q0"""":"""" Student (Master, PhD,...)""""}";NA;ub5k4jyg4sel4p1rgj4b
15;NA;NA;;"{""""Q0"""":"""" Rarely""""}";NA;"{""""Q0"""":[""""&nbsp;Spelling errors"""",""""&nbsp;Errors in the coding of items"""",""""&nbsp;Data preparation was harder than it could have been"""",""""&nbsp;Match between hypotheses and data not clear"""",""""&nbsp;Some variables or questions asked to participants but not used in the analysis/paper"""",""""&nbsp;My friends do not have errors in their protocols""""]}";"{""""Q0"""":"""" Early Career Academic""""}";NA;1oa9us5cth090tqr8z7s
13;NA;NA;;"{""""Q0"""":"""" Always""""}";NA;"{""""Q0"""":[""""&nbsp;Spelling errors"""",""""&nbsp;Important content errors"""",""""&nbsp;Errors in participants balancing to conditions"""",""""&nbsp;Data not what we expected"""",""""&nbsp;Data preparation was harder than it could have been"""",""""&nbsp;Some variables or questions asked to participants but not used in the analysis/paper"""",""""&nbsp;Errors so bad that my friend had to start over"""",""""&nbsp;Other""""]}";"{""""Q0"""":"""" Early Career Academic""""}";"{""""Q0"""":""""YwU5TbzyLYeLHesodShqfNDMJq1W2InmMmxExMkhpTqXtJNCiXgNicizdjsDr7tJQjF5z""""}";5zcbhadz6go8vqvbn1d1
14;NA;NA;;"{""""Q0"""":"""" Rarely""""}";NA;"{""""Q0"""":[""""&nbsp;Important content errors"""",""""&nbsp;Errors in the coding of items"""",""""&nbsp;Errors in participants balancing to conditions"""",""""&nbsp;Data not what we expected"""",""""&nbsp;Data preparation was harder than it could have been"""",""""&nbsp;Some variables or questions asked to participants but not used in the analysis/paper"""",""""&nbsp;Errors so bad that my friend had to start over"""",""""&nbsp;My friends do not have errors in their protocols"""",""""&nbsp;Other""""]}";"{""""Q0"""":"""" Student (Master, PhD,...)""""}";"{""""Q0"""":""""Gl1xR5MHbW34PZ6VAJIKofHvmVQYhrCIWcFJxwjAVvd7IDbxk1zu5myKoKhD5vAFLo984staPj04mliNmIWk0bQcnX5zqdHXiq""""}";z1gn0ejxe6ahwmntwkhu
12;NA;NA;;"{""""Q0"""":"""" Never""""}";"{""""Q0"""":"""" No, but my Research assistant is""""}";NA;"{""""Q0"""":"""" Student (Master, PhD,...)""""}";NA;cv521e7guwoslt0x0zp4
11;NA;NA;;"{""""Q0"""":"""" Rarely""""}";NA;"{""""Q0"""":[""""&nbsp;Spelling errors"""",""""&nbsp;Important content errors"""",""""&nbsp;Errors in the coding of items"""",""""&nbsp;Errors in participants balancing to conditions"""",""""&nbsp;Data not what we expected"""",""""&nbsp;Data preparation was harder than it could have been"""",""""&nbsp;Match between hypotheses and data not clear"""",""""&nbsp;Some variables or questions asked to participants but not used in the analysis/paper"""",""""&nbsp;Errors so bad that my friend had to start over"""",""""&nbsp;My friends do not have errors in their protocols"""",""""&nbsp;Other""""]}";"{""""Q0"""":"""" Postdoc or non-ternure track Academic""""}";"{""""Q0"""":""""TuqWRL0""""}";z6uhyg4symg08cvn92ny
10;NA;NA;;"{""""Q0"""":"""" Always""""}";NA;"{""""Q0"""":[""""&nbsp;My friends do not have errors in their protocols"""",""""&nbsp;Other""""]}";"{""""Q0"""":"""" Student (Master, PhD,...)""""}";"{""""Q0"""":""""oj9xkqfOeJblGknQcugtS8ZySWXbOpupRlW9nzNl8XpDdxl3oxhL10prgxn8iBCzq6wPp""""}";f1wjh61g9rr1hfq8k2tk
9;NA;NA;;"{""""Q0"""":"""" Often""""}";NA;"{""""Q0"""":[""""&nbsp;Spelling errors"""",""""&nbsp;Important content errors"""",""""&nbsp;Errors in the coding of items"""",""""&nbsp;Errors in participants balancing to conditions"""",""""&nbsp;Data not what we expected"""",""""&nbsp;Data preparation was harder than it could have been"""",""""&nbsp;Match between hypotheses and data not clear"""",""""&nbsp;Some variables or questions asked to participants but not used in the analysis/paper"""",""""&nbsp;Errors so bad that my friend had to start over"""",""""&nbsp;Other""""]}";"{""""Q0"""":"""" Senior academic""""}";"{""""Q0"""":""""QQwSpAvFKpe0o76TE68ZMTZ39o94BfTgnmVDBF3jQgjVm1SJ""""}";anyw0x0lssg17ydjw41r
8;NA;NA;;"{""""Q0"""":"""" Sometimes""""}";NA;"{""""Q0"""":[""""&nbsp;Errors so bad that my friend had to start over""""]}";"{""""Q0"""":"""" Student (Master, PhD,...)""""}";NA;stt4svxpr8emvtcuwgqy
7;NA;NA;;"{""""Q0"""":"""" Rarely""""}";NA;"{""""Q0"""":[""""&nbsp;Data preparation was harder than it could have been"""",""""&nbsp;Errors so bad that my friend had to start over""""]}";"{""""Q0"""":"""" Senior academic""""}";NA;neee4t21jcy57d2x3puf
6;NA;NA;;"{""""Q0"""":"""" Often""""}";NA;"{""""Q0"""":[""""&nbsp;Spelling errors"""",""""&nbsp;Important content errors"""",""""&nbsp;Errors in the coding of items"""",""""&nbsp;Errors in participants balancing to conditions"""",""""&nbsp;Data not what we expected"""",""""&nbsp;Data preparation was harder than it could have been"""",""""&nbsp;Match between hypotheses and data not clear"""",""""&nbsp;Some variables or questions asked to participants but not used in the analysis/paper"""",""""&nbsp;Errors so bad that my friend had to start over"""",""""&nbsp;My friends do not have errors in their protocols"""",""""&nbsp;Other""""]}";"{""""Q0"""":"""" Student (Master, PhD,...)""""}";"{""""Q0"""":""""Ts5k2rZwhecoVKNfxSFEwCWSDF13rRu""""}";qwv5j450k6upyrvbx5d9
5;NA;NA;;"{""""Q0"""":"""" Rarely""""}";NA;"{""""Q0"""":[""""&nbsp;Spelling errors"""",""""&nbsp;Important content errors"""",""""&nbsp;Errors in the coding of items"""",""""&nbsp;Errors in participants balancing to conditions"""",""""&nbsp;Some variables or questions asked to participants but not used in the analysis/paper"""",""""&nbsp;Errors so bad that my friend had to start over"""",""""&nbsp;My friends do not have errors in their protocols"""",""""&nbsp;Other""""]}";"{""""Q0"""":"""" Senior academic""""}";"{""""Q0"""":""""KDO408BcqVjsmy5a26xVPw6Y7EQ8T3F8TUbcNH37oXsT90d6q9Zdr""""}";ocdat6voxerl2v38fy4x
4;NA;NA;;"{""""Q0"""":"""" Often""""}";NA;"{""""Q0"""":[""""&nbsp;Important content errors"""",""""&nbsp;Match between hypotheses and data not clear"""",""""&nbsp;Some variables or questions asked to participants but not used in the analysis/paper""""]}";"{""""Q0"""":"""" Senior academic""""}";NA;gb8m0sn6rpnt4wcrqdla
3;NA;NA;;"{""""Q0"""":"""" Sometimes""""}";NA;"{""""Q0"""":[""""&nbsp;Match between hypotheses and data not clear"""",""""&nbsp;Some variables or questions asked to participants but not used in the analysis/paper"""",""""&nbsp;Errors so bad that my friend had to start over""""]}";"{""""Q0"""":"""" Student (Master, PhD,...)""""}";NA;c6829u396lk36zsl11q3
2;NA;NA;;"{""""Q0"""":"""" Often""""}";NA;"{""""Q0"""":[""""&nbsp;Spelling errors"""",""""&nbsp;Important content errors"""",""""&nbsp;Errors in the coding of items"""",""""&nbsp;Errors in participants balancing to conditions"""",""""&nbsp;Data not what we expected"""",""""&nbsp;Match between hypotheses and data not clear"""",""""&nbsp;Some variables or questions asked to participants but not used in the analysis/paper"""",""""&nbsp;My friends do not have errors in their protocols"""",""""&nbsp;Other""""]}";"{""""Q0"""":"""" Senior academic""""}";"{""""Q0"""":""""hWfvHlnFbMffJuC2V8""""}";7c7heboh7c5ogvn3czze
b12dde0ec0ms936w94dm;NA;NA;;"{""""Q0"""":"""" Rarely""""}";NA;"{""""Q0"""":[""""&nbsp;Errors so bad that my friend had to start over""""]}";"{""""Q0"""":"""" Senior academic""""}";NA;wcclq2rr0vdx8n4qbopx
xjgy14uog6r2k3wb8n5h;NA;NA;NA;NA;NA;NA;NA;NA;NA
xx1w7em2h6fn32r39q4k;NA;NA;NA;NA;NA;NA;NA;NA;NA
